0,00:f6:63:15:58:82,KaymeraGuest,1,-86.0,32.170973207601364,34.81144725503476,38.99324325348963,01-12-17 10:44,Approx. w-center algo1
1,64:d9:54:e4:95:37,Gana7_2GExt,5,-88.0,32.17071182225449,34.811336294875034,31.22900621869478,01-12-17 10:50,Approx. w-center algo1
2,70:4d:7b:0c:89:50,ter123,6,-69.0,32.17023926194442,34.81246293847186,34.01513105196467,01-12-17 11:06,Approx. w-center algo1
3,00:f6:63:15:58:80,kaymeraQA,1,-82.0,32.16872739,34.81060785,38.0,01-12-17 10:44,Approx. w-center algo1
4,00:f6:63:15:58:81,KaymeraDev,1,-78.0,32.17030931999672,34.81114739705962,34.8745841117678,01-12-17 10:53,Approx. w-center algo1
5,7c:b7:33:a1:7e:98,HOTFiber-A53E,6,-79.0,32.170520719740125,34.81122065413798,35.26484814779911,01-12-17 10:44,Approx. w-center algo1
6,3c:1e:04:07:2a:ff,ronkla2_5,48,-85.0,32.17135803,34.81168874,31.090525570000004,01-12-17 10:50,Approx. w-center algo1
7,00:78:9e:f9:e8:58,Hotbox,11,-91.0,32.17252252,34.81247912,31.6513231,01-12-17 10:50,Approx. w-center algo1
8,3c:1e:04:07:2a:fe,ronkla2,6,-80.0,32.17134388,34.81166865,41.11423605,01-12-17 11:05,Approx. w-center algo1
9,10:0d:7f:83:6c:fe,NETGEAR_DGN2200,11,-93.0,32.1696487,34.81343376,35.0,01-12-17 10:57,Approx. w-center algo1
10,c0:ac:54:f8:6b:28,Li,1,-80.0,32.16970224,34.81083489,27.0,01-12-17 10:51,Approx. w-center algo1
11,20:0c:c8:0a:ef:2a,SHAHAF2.4,11,-82.0,32.17198535,34.81299604,26.59308527,01-12-17 10:46,Approx. w-center algo1
12,06:ae:db:48:af:4d,BezeqFree,9,-90.0,32.17044470045137,34.81252477721117,38.06555615260612,01-12-17 10:59,Approx. w-center algo1
13,48:ee:0c:3b:fa:1e,Florida_Israel1,1,-94.0,32.17012573,34.81242227,44.0,01-12-17 10:45,Approx. w-center algo1
14,54:64:d9:5f:59:83,HOTBOX-651B,1,-77.0,32.169449437546724,34.812115748796636,29.925594413532966,01-12-17 10:59,Approx. w-center algo1
15,58:b6:33:34:ae:f8,RDK,11,-85.0,32.17048504275119,34.81121443376435,28.724058831465882,01-12-17 10:44,Approx. w-center algo1
16,7c:b7:33:2b:c4:52,spielman,1,-73.0,32.16935941,34.81072496,29.922548671114384,01-12-17 10:53,Approx. w-center algo1
17,14:ae:db:b7:ab:ad,44870715,6,-81.0,32.17110149345205,34.813013639998545,33.69249757426012,01-12-17 10:58,Approx. w-center algo1
18,fc:b4:e6:d2:86:9e,Lahav,11,-81.0,32.17230692,34.81390382,46.7222322,01-12-17 11:04,Approx. w-center algo1
19,92:cd:b6:2b:e9:77,HP-Setup>77-M277 LaserJet,1,-87.0,32.16881184,34.8117497,40.65000112,01-12-17 11:05,Approx. w-center algo1
20,e0:ce:c3:86:a7:9e,Talfamily,1,-80.0,32.16889806,34.8118332,27.057519940000002,01-12-17 10:57,Approx. w-center algo1
21,74:da:38:a9:1c:df,  InnovationEndeavors,2,-83.0,32.169660063558496,34.81193428935674,34.220063880174536,01-12-17 10:45,Approx. w-center algo1
22,00:1c:10:09:4f:bc,hot,3,-71.0,32.17064032858923,34.81262105525313,39.18655880716704,01-12-17 10:58,Approx. w-center algo1
23,62:ee:0c:3d:eb:b9,BezeqFree,9,-88.0,32.17227827,34.81413625,45.0,01-12-17 10:49,Approx. w-center algo1
24,d8:fb:5e:17:47:f8,sellahome,9,-73.0,32.172410589460654,34.81325697602461,34.91531500735828,01-12-17 10:46,Approx. w-center algo1
25,14:cc:20:76:b8:2a,Oded,11,-65.0,32.17077752397018,34.8126993672641,37.42413838941842,01-12-17 10:45,Approx. w-center algo1
26,c0:ff:d4:7b:82:30,Candan,1,-86.0,32.168823380670275,34.81108357528525,33.58902252618765,01-12-17 10:59,Approx. w-center algo1
27,7c:03:4c:fe:f6:68,evanson,1,-80.0,32.16935941,34.810724959999995,29.763062985104657,01-12-17 10:54,Approx. w-center algo1
28,00:25:86:b1:6f:f8,A-Home,6,-81.0,32.16871153791382,34.81078062670971,38.328783876955605,01-12-17 10:45,Approx. w-center algo1
29,7c:03:4c:ba:f5:5a,HOTBOX-1234,6,-75.0,32.17237924,34.81348839,36.0,01-12-17 11:09,Approx. w-center algo1
30,00:f6:63:15:58:8e,KaymeraDev,36,-92.0,32.16882317,34.81054405,27.11526685,01-12-17 10:44,Approx. w-center algo1
31,7c:b7:33:ea:b8:ff,yotam17,10,-93.0,32.17110218,34.81293682,39.0,01-12-17 10:58,Approx. w-center algo1
32,e8:cc:18:ac:1b:e1,Daizad,3,-90.0,32.17024205,34.81353312,29.09677085,01-12-17 10:59,Approx. w-center algo1
33,b0:5a:da:fa:44:76,DIRECT-75-HP DeskJet 4670 series,6,-85.0,32.17127494574422,34.81300613419089,29.961117450233207,01-12-17 11:06,Approx. w-center algo1
34,18:1e:78:86:03:15,HOTBOX-F028,1,-61.0,32.17051569590818,34.81357943147099,35.32725112814046,01-12-17 10:58,Approx. w-center algo1
35,b0:b2:8f:1e:ea:68,HOTBOX-2E6E,11,-81.0,32.16945778,34.81076505,40.54230602,01-12-17 11:05,Approx. w-center algo1
36,00:13:d4:0f:f3:ba,home,1,-77.0,32.17086089002539,34.811422672435434,33.78369230067284,01-12-17 10:44,Approx. w-center algo1
37,62:b2:55:67:2b:86,Bezeq Free 672B84,6,-92.0,32.17092411,34.81275919,29.9988896,01-12-17 10:59,Approx. w-center algo1
38,c0:ac:54:f5:b4:c9,HOTBOX-D88A,1,-92.0,32.17224246,34.81444894,7.777438959,01-12-17 10:42,Approx. w-center algo1
39,c8:d7:19:d4:7c:73,forestisthebest,6,-93.0,32.16937301,34.81072683,27.0,01-12-17 10:51,Approx. w-center algo1
40,00:07:26:4f:07:ae,HOTBOX-1A14,6,-86.0,32.17240894227467,34.81332522126937,34.66128723607833,01-12-17 11:06,Approx. w-center algo1
41,74:da:39:54:b8:1d,oved-main,6,-64.0,32.169543593688836,34.81078684768421,28.633504451227783,01-12-17 10:54,Approx. w-center algo1
42,c8:d7:19:d4:7c:75,forestisthebest-guest,6,-94.0,32.16936666,34.81070436,31.0,01-12-17 10:52,Approx. w-center algo1
43,5a:0c:c8:0f:21:90,Bezeq Free T00C36,1,-90.0,32.16946884050114,34.81121800103958,31.5053426613169,01-12-17 10:57,Approx. w-center algo1
44,14:9d:09:80:00:9d,HUAWEI-009D,4,-86.0,32.17225794,34.81441454,40.08129431,01-12-17 11:07,Approx. w-center algo1
45,60:e3:27:bf:a1:a5,BARON WIFI 2.4,11,-91.0,32.16872739,34.81060785,38.0,01-12-17 10:44,Approx. w-center algo1
46,74:da:38:a9:24:1c,edimax_5G_A9241C,40,-79.0,32.16937130645447,34.81071843937817,30.53126680472371,01-12-17 10:52,Approx. w-center algo1
47,00:78:9e:fa:0e:5c,Miller,1,-78.0,32.172428124402145,34.81272303610188,46.8544235924933,01-12-17 10:46,Approx. w-center algo1
48,74:da:38:b6:f6:c9,Jamcandown,4,-89.0,32.16917019,34.81066503,28.81036798,01-12-17 10:55,Approx. w-center algo1
49,74:da:38:d3:bb:81,edimax_2.4G_ruty,2,-80.0,32.16917019,34.81066503,28.773555040000005,01-12-17 10:55,Approx. w-center algo1
50,c4:a8:1d:12:7d:4c,Orit,6,-57.0,32.1722857058883,34.81405811533451,36.20858999903483,01-12-17 11:07,Approx. w-center algo1
51,4c:60:de:51:8b:ca,Laufer-wifi,11,-89.0,32.1707787806892,34.81272277752022,34.21889968462764,01-12-17 11:00,Approx. w-center algo1
52,b0:b2:8f:01:ad:fe,Lahav,11,-73.0,32.17239000302095,34.81347686517757,38.25737229739952,01-12-17 10:49,Approx. w-center algo1
53,e4:6f:13:71:f5:ce,RS_GUEST,9,-91.0,32.169127879077934,34.81130886757599,39.96197119492624,01-12-17 11:05,Approx. w-center algo1
54,08:97:58:31:e0:c6,SEW132_23574336,3,-78.0,32.171428227067146,34.811688082925826,35.59473425679064,01-12-17 11:05,Approx. w-center algo1
55,c8:d3:ff:57:60:f5,DIRECT-F4-HP DeskJet 3830 series,1,-89.0,32.16879406259565,34.810603259116476,28.972295895331925,01-12-17 10:44,Approx. w-center algo1
56,f8:ab:05:46:de:55,Levy,10,-85.0,32.16876228,34.81066791,31.0,01-12-17 10:57,Approx. w-center algo1
57,ec:08:6b:38:0d:dd,RS_GUEST,12,-85.0,32.16935204,34.81074403517129,33.733025603703105,01-12-17 10:44,Approx. w-center algo1
58,ec:08:6b:38:0d:dc,RS_GUEST_5G,44,-89.0,32.16882317,34.81054405,27.11526685,01-12-17 10:44,Approx. w-center algo1
59,48:ee:0c:3b:ac:5a,kawasaki,11,-75.0,32.16981779,34.81346387,35.0,01-12-17 10:57,Approx. w-center algo1
60,54:b8:0a:34:78:d0,Shani - Green,6,-88.0,32.17153243,34.81172407,31.000000000000004,01-12-17 11:05,Approx. w-center algo1
61,00:30:4f:91:38:b3,hilda,6,-73.0,32.1696487,34.81343376,35.0,01-12-17 10:57,Approx. w-center algo1
62,c4:04:15:60:6a:b6,BezeqNGN_10072E_5GHz_1,48,-82.0,32.17180755,34.81183239,31.000000000000004,01-12-17 11:09,Approx. w-center algo1
63,c4:04:15:60:6a:b5,Ben Ami_2.4,11,-73.0,32.17183564646983,34.81186446241309,40.13333016078147,01-12-17 10:50,Approx. w-center algo1
64,f8:ab:05:e9:6d:3d,yotam17,10,-75.0,32.17112535062327,34.813187339546026,34.33181348446069,01-12-17 10:58,Approx. w-center algo1
65,48:ee:0c:3c:30:1e,Gana7,5,-93.0,32.1708157,34.81137225,32.0,01-12-17 10:50,Approx. w-center algo1
66,f4:f2:6d:af:45:26,Basement,3,-87.0,32.17231428239179,34.81391151665927,40.533851276359606,01-12-17 11:07,Approx. w-center algo1
67,06:ae:db:c1:ad:7d,BezeqFree,1,-87.0,32.17246651,34.81278713,48.0,01-12-17 10:43,Approx. w-center algo1
68,74:da:38:a9:24:17,edimax_2.4G_A92417,3,-75.0,32.16930329,34.81071393,27.82938003,01-12-17 10:44,Approx. w-center algo1
69,28:f3:66:9d:dc:cb,Pantum-AP-9DDCCB,11,-84.0,32.17021581,34.81353649,37.0,01-12-17 10:58,Approx. w-center algo1
70,f4:f2:6d:5e:d0:48,alfa,11,-96.0,32.17206721,34.81192728,32.0,01-12-17 11:09,Approx. w-center algo1
71,7c:b7:33:97:35:f1,U2I8L1M0X42,1,-73.0,32.17212193,34.81196568,47.0,01-12-17 10:44,Approx. w-center algo1
72,d0:d4:12:5e:db:f2,Siemens,11,-82.0,32.170409635313014,34.81253033272143,35.37451756555825,01-12-17 11:00,Approx. w-center algo1
73,3c:52:82:af:42:75,DIRECT-74-HP DeskJet 4670 series,1,-59.0,32.17253375,34.81242662,42.0,01-12-17 10:50,Approx. w-center algo1
74,00:12:2a:d2:0c:38,test012,1,-87.0,32.17105808914647,34.81351327325344,34.49692458761576,01-12-17 10:58,Approx. w-center algo1
75,86:2a:a8:eb:a9:60,Mheta_AP,6,-90.0,32.16927107,34.81201045,27.21999505,01-12-17 10:57,Approx. w-center algo1
76,14:cc:20:09:3c:b9,sirocco_2.4o,11,-83.0,32.17109863472397,34.81304547154555,36.567230130813996,01-12-17 10:59,Approx. w-center algo1
77,00:26:5a:10:b7:0a,Einav_1,6,-82.0,32.16940316,34.81209444,40.0,01-12-17 10:45,Approx. w-center algo1
78,00:c0:02:0a:c6:c2,luxynet,7,-93.0,32.17134232,34.81165241,37.0,01-12-17 10:50,Approx. w-center algo1
79,8c:dc:d4:6a:a9:8a,HP-Print-8A-Deskjet 4640 series,11,-84.0,32.170087355566196,34.81239474901012,36.167891646958644,01-12-17 11:00,Approx. w-center algo1
80,82:2a:a8:bf:94:29,Home,11,-70.0,32.16929824830763,34.81201572904395,38.491247228315345,01-12-17 10:59,Approx. w-center algo1
81,a0:ab:1b:57:cd:42,Helen.,10,-74.0,32.172238680376374,34.81202835336691,30.517667490885042,01-12-17 10:50,Approx. w-center algo1
82,c0:ac:54:f7:42:60,HOTBOX,1,-82.0,32.1708417333541,34.81364401699201,33.28004632743446,01-12-17 10:58,Approx. w-center algo1
83,80:1f:02:f5:d8:e8,angela,1,-89.0,32.17225202,34.81439189,17.18081812,01-12-17 10:43,Approx. w-center algo1
84,c4:a8:1d:12:df:c5,maya salon,1,-89.0,32.1712926205347,34.812243022487316,33.69111416124605,01-12-17 10:50,Approx. w-center algo1
85,14:9d:09:80:00:f1,HUAWEI-00F1,6,-85.0,32.17223176,34.81443004,45.0,01-12-17 11:03,Approx. w-center algo1
86,e0:ce:c3:8c:c1:94,HOTBOX-C18E,1,-93.0,32.16968439,34.8121884,31.0,01-12-17 11:10,Approx. w-center algo1
87,74:da:38:b6:f3:7a,Floor 2,2,-94.0,32.17146616,34.81290244,38.0,01-12-17 11:11,Approx. w-center algo1
88,fc:75:16:55:27:fa,BS-WIFI-4EVER,6,-94.0,32.17250306,34.81263803,42.0,01-12-17 10:50,Approx. w-center algo1
89,74:44:01:39:09:86,Wifi,11,-93.0,32.17226318,34.81420816,40.0,01-12-17 10:46,Approx. w-center algo1
90,d8:fb:5e:17:1b:d6,DAVID,11,-92.0,32.17117651298643,34.81159409722172,35.00469475272398,01-12-17 10:44,Approx. w-center algo1
91,00:12:2a:35:c8:7c,Chakir,1,-86.0,32.17228483,34.8140369,30.590053829999995,01-12-17 10:49,Approx. w-center algo1
92,18:cc:23:00:18:45,gononsmarthome,3,-89.0,32.17043486067501,34.811190730659135,35.16075161245529,01-12-17 11:05,Approx. w-center algo1
93,ec:8c:a2:08:a4:5c,LRWN,52,-69.0,32.16877222,34.81164041,36.0,01-12-17 10:45,Approx. w-center algo1
94,6c:b0:ce:2f:43:36,Hilush111,1,-92.0,32.1716947,34.81179424,42.0,01-12-17 10:44,Approx. w-center algo1
95,28:80:23:f6:e0:c1,HP-Print-C1-Deskjet 4640 series,11,-81.0,32.16908296239665,34.810628709261955,31.42165247320436,01-12-17 10:56,Approx. w-center algo1
96,48:ee:0c:39:f9:15,Ronizyc1,5,-85.0,32.169526477292365,34.810772077039324,23.0,01-12-17 10:51,Approx. w-center algo1
97,e8:cc:18:ac:1a:52,Daizad,7,-72.0,32.17035534206896,34.8135713562069,33.57258845572414,01-12-17 10:58,Approx. w-center algo1
98,62:be:f5:40:26:83,BezeqFree,10,-96.0,32.16935676,34.81068889,29.0,01-12-17 10:55,Approx. w-center algo1
99,74:da:38:14:1f:8d,sellahome_2EX,9,-82.0,32.17241727,34.81315388,44.0,01-12-17 10:43,Approx. w-center algo1
100,14:ae:db:c1:ad:7d,shweiger1,1,-84.0,32.17243758,34.81296682,47.0,01-12-17 10:43,Approx. w-center algo1
101,10:be:f5:3f:b2:ce,bait,10,-92.0,32.1697634453919,34.81087437094797,34.61511817972485,01-12-17 11:05,Approx. w-center algo1
102,20:0c:c8:1b:a2:48,Mevohot_1,6,-70.0,32.17238485409335,34.813352512692994,36.14795187886894,01-12-17 10:49,Approx. w-center algo1
103,40:65:a3:35:4c:c4,Efrat,1,-75.0,32.17218268,34.81446402,13.650408889999998,01-12-17 10:49,Approx. w-center algo1
104,c0:ac:54:f7:27:42,HOTBOX-2E6E,11,-89.0,32.16986309988594,34.81091804004164,32.40766325387749,01-12-17 10:44,Approx. w-center algo1
105,40:b0:34:62:33:a6,DIRECT-A5-HP DeskJet 3700 series,6,-87.0,32.1695048,34.81211179,27.0,01-12-17 11:06,Approx. w-center algo1
106,34:36:3b:c2:be:b8,Home,11,-91.0,32.16923806,34.81066982,25.0,01-12-17 10:55,Approx. w-center algo1
107,f8:d1:11:b8:3b:7e,Mehta_Up,6,-86.0,32.169558759719756,34.81216374512876,37.97579004457026,01-12-17 11:00,Approx. w-center algo1
108,86:2a:a8:a1:a0:b5,Rozenkrants,1,-89.0,32.16994496,34.81096824,41.15224303,01-12-17 11:05,Approx. w-center algo1
109,52:b0:ce:ac:32:98,Bezeq Free GA32E3,1,-62.0,32.172378287611885,34.8135568290195,33.712861578216845,01-12-17 11:07,Approx. w-center algo1
110,20:0c:c8:1d:c8:2b,Neeman2.4,1,-78.0,32.169947163439964,34.810942655914786,34.60026304358068,01-12-17 10:50,Approx. w-center algo1
111,20:0c:c8:1d:c8:2c,Neeman2.4_5,60,-89.0,32.17005047,34.81100762,28.28929069,01-12-17 10:44,Approx. w-center algo1
112,d4:6e:0e:3c:44:e1,SIEMENS_LivingRoom,1,-77.0,32.17020320623732,34.812484478540334,34.90574762429787,01-12-17 10:59,Approx. w-center algo1
113,f8:d1:11:ce:e5:e6,TP-LINK-BET,4,-96.0,32.17106538,34.81150977,30.0,01-12-17 11:09,Approx. w-center algo1
114,82:2a:a8:bf:93:e5,Home,1,-85.0,32.16942426,34.81209986,36.0,01-12-17 11:00,Approx. w-center algo1
115,c0:ac:54:f7:3c:c2,HOTBOX111,1,-87.0,32.170964760614595,34.813630519661075,34.7709990571756,01-12-17 10:58,Approx. w-center algo1
116,00:78:9e:fa:3b:62,geller,11,-90.0,32.170201330000005,34.81244903,37.4805874,01-12-17 10:45,Approx. w-center algo1
117,00:0b:6c:4d:1b:3f,UFI_UF230_B3F,6,-58.0,32.17057318529061,34.81261628040319,33.7440648566996,01-12-17 11:06,Approx. w-center algo1
118,58:b6:33:34:81:a8,RDK,1,-85.0,32.17048909966218,34.811209511460255,33.32638799300401,01-12-17 10:44,Approx. w-center algo1
119,50:c7:bf:36:df:98,Gil-Up,2,-89.0,32.17230828,34.81204165,48.0,01-12-17 10:43,Approx. w-center algo1
120,10:0d:7f:80:17:80,ELDAD,11,-73.0,32.17246968239914,34.81281164877398,37.31765614617061,01-12-17 10:43,Approx. w-center algo1
121,c4:12:f5:f4:82:42,Beni,9,-71.0,32.17083576020328,34.81363580970924,33.707763332422374,01-12-17 10:59,Approx. w-center algo1
122,a4:2b:b0:d4:55:38,motti-5ghz,40,-88.0,32.17074693,34.8126719,38.0,01-12-17 10:59,Approx. w-center algo1
123,a4:2b:b0:d4:55:36,Motti11,6,-74.0,32.17101662870112,34.81293013505876,38.28686207524488,01-12-17 11:00,Approx. w-center algo1
124,00:26:5a:69:94:e3,TUCHLER,6,-81.0,32.17026410734807,34.81249414878453,35.72605872325967,01-12-17 10:45,Approx. w-center algo1
125,10:5a:f7:0f:d5:32,Zvi_2.4,11,-91.0,32.17228106,34.81440381,51.0,01-12-17 10:49,Approx. w-center algo1
126,00:78:9e:fa:0e:db,snapper1,1,-91.0,32.16990287916952,34.81229082044064,35.187553957031305,01-12-17 11:06,Approx. w-center algo1
127,c8:d7:19:da:03:16,forestisthebest,6,-54.0,32.16926732272,34.810685166320006,32.864129694720006,01-12-17 10:51,Approx. w-center algo1
128,14:ae:db:cc:ed:6d,KarvatB0.5,48,-89.0,32.17226522,34.81421445,22.81899152,01-12-17 10:43,Approx. w-center algo1
129,74:da:3a:97:66:9e,oved-main,6,-87.0,32.16988722,34.81091198,37.0,01-12-17 10:44,Approx. w-center algo1
130,a4:2b:b0:ad:2d:34,lellouche,5,-82.0,32.17236392048461,34.813608582564235,40.37390229623365,01-12-17 11:01,Approx. w-center algo1
131,e8:d1:1b:72:74:81,HOTBOX-747B,1,-91.0,32.1718612,34.81297848,39.0,01-12-17 11:01,Approx. w-center algo1
132,14:cc:20:da:ab:9a,Fuck Off,11,-77.0,32.16902986,34.81190459,33.0,01-12-17 11:00,Approx. w-center algo1
133,48:ee:0c:3d:eb:b8,Km,9,-85.0,32.17225794,34.81441454,40.08129431,01-12-17 11:07,Approx. w-center algo1
134,14:cc:20:76:c0:8e,TP-LINK_76C08E,1,-84.0,32.17083792935533,34.81274240375702,39.525880074051344,01-12-17 11:06,Approx. w-center algo1
135,00:24:2b:cf:13:21,stephane,1,-64.0,32.17021043384843,34.81109193914972,37.12648255657301,01-12-17 11:05,Approx. w-center algo1
136,52:0d:7f:83:6c:ff,Bezeq Free 836CFE,11,-90.0,32.1696487,34.81343376,35.0,01-12-17 10:57,Approx. w-center algo1
137,a0:4f:d4:45:1f:a1,nurit,1,-74.0,32.171081995138884,34.81320481005503,36.00481144832008,01-12-17 10:58,Approx. w-center algo1
138,10:be:f5:40:26:82,Home,10,-89.0,32.16916884,34.81065234,31.000000000000004,01-12-17 10:56,Approx. w-center algo1
139,90:8d:78:54:22:a1,tal2,60,-78.0,32.17109291302055,34.81311277352694,36.79893073257186,01-12-17 10:59,Approx. w-center algo1
140,90:8d:78:54:22:a2,tal,1,-79.0,32.17108893819366,34.8131610918771,32.698788219076576,01-12-17 10:58,Approx. w-center algo1
141,c4:12:f5:85:27:c2,varda,1,-80.0,32.172228625564784,34.81204136674643,37.86438590748879,01-12-17 11:04,Approx. w-center algo1
142,c4:12:f5:85:27:c1,varda_HD,60,-88.0,32.17226944,34.81201158,41.0,01-12-17 10:50,Approx. w-center algo1
143,d8:5d:4c:d9:c4:68,shlomi,1,-65.0,32.170420761772405,34.81117710262193,34.094636730873844,01-12-17 11:05,Approx. w-center algo1
144,00:26:5a:24:f4:f0,Yotam_Shir,8,-87.0,32.1710901258587,34.81334518429064,35.024063793796664,01-12-17 10:59,Approx. w-center algo1
145,16:0c:c3:ee:27:39,Is,6,-83.0,32.17049911024534,34.81357875960022,33.4800246093829,01-12-17 10:58,Approx. w-center algo1
146,00:14:bf:42:7e:96,hot,9,-83.0,32.17022650720973,34.81242085933985,40.0,01-12-17 10:59,Approx. w-center algo1
147,cc:b2:55:e8:4c:e6,INGENEO,6,-87.0,32.17011131213626,34.81133428118435,32.8378884140048,01-12-17 10:44,Approx. w-center algo1
148,20:0c:c8:0f:21:93,ELCHARAR_2.4,1,-89.0,32.16946912334949,34.81121735031317,31.368994745188832,01-12-17 10:51,Approx. w-center algo1
149,f4:f2:6d:34:56:54,spielman,1,-77.0,32.16914550765983,34.8106429654733,33.32633777088003,01-12-17 10:55,Approx. w-center algo1
150,6c:b0:ce:ac:32:9b,dobry2016,1,-69.0,32.172395640948345,34.813380228312866,31.256452847008745,01-12-17 10:43,Approx. w-center algo1
151,00:12:2a:e1:6c:48,Oded 2.4Ghz,11,-69.0,32.171069891054536,34.812781541897834,35.496971473228626,01-12-17 10:58,Approx. w-center algo1
152,16:ae:db:c1:ae:55,Fuck Off Yourself,9,-79.0,32.16927107,34.81201045,27.21999505,01-12-17 10:57,Approx. w-center algo1
153,00:21:04:e7:95:da,orange,1,-74.0,32.17019246096641,34.81352784308191,29.30709329882734,01-12-17 10:58,Approx. w-center algo1
154,6c:b0:ce:ac:32:9c,dobry2016_5,60,-89.0,32.17232792,34.81365654,42.0,01-12-17 10:46,Approx. w-center algo1
155,ec:8c:a2:09:dd:4c,LRWN,44,-70.0,32.1688461,34.81178747,28.29109854,01-12-17 10:45,Approx. w-center algo1
156,00:30:4f:82:7b:30,WR,11,-89.0,32.16921658,34.8119993,30.24608018,01-12-17 10:59,Approx. w-center algo1
157,94:57:a5:4b:4f:41,DIRECT-1C-HP DeskJet 3830 series,6,-77.0,32.169671684898894,34.81218519082484,35.77392634781131,01-12-17 10:59,Approx. w-center algo1
158,5a:ab:1b:62:0d:fd,BezeqFree,2,-82.0,32.16999464033658,34.8123525862566,34.41631414961199,01-12-17 11:00,Approx. w-center algo1
159,6c:2e:85:fe:da:b8,HOTBOX-1966,6,-75.0,32.17134388,34.81166865,41.11423605,01-12-17 11:05,Approx. w-center algo1
160,30:b5:c2:e0:55:9c,Alpha125,6,-82.0,32.16968089,34.81083325,37.0,01-12-17 10:44,Approx. w-center algo1
161,0c:f4:d5:29:a2:9c,LRWN,36,-68.0,32.16887271087181,34.81182679226139,34.05382854203337,01-12-17 10:57,Approx. w-center algo1
162,10:5a:f7:08:27:71,Baruch_2.4,6,-90.0,32.17094895,34.81367243,29.87122719,01-12-17 10:59,Approx. w-center algo1
163,c0:ac:54:f5:b7:f2,donush,1,-87.0,32.1713402,34.81169556,29.78929958,01-12-17 10:44,Approx. w-center algo1
164,c4:e9:84:83:1a:0a,sirocco_2.4o,11,-79.0,32.17108293604255,34.812982556407526,33.225066650127395,01-12-17 10:58,Approx. w-center algo1
165,c0:4a:00:f7:00:c1,Vision Public,10,-89.0,32.16872739,34.81060785,38.0,01-12-17 10:44,Approx. w-center algo1
166,90:8d:78:54:d9:69,Ab,10,-95.0,32.1696487,34.81343376,35.0,01-12-17 10:57,Approx. w-center algo1
167,18:d6:c7:fb:1c:0e,Oberyn Martell,8,-79.0,32.168894217248074,34.81086515430863,35.21775225309724,01-12-17 10:44,Approx. w-center algo1
168,a0:ab:1b:62:0d:fc,klaiman,2,-78.0,32.170091164379514,34.81240288907614,30.946144706650045,01-12-17 10:45,Approx. w-center algo1
169,70:4c:a5:20:be:18,SE-WiFi-Employees,1,-94.0,32.16898017,34.81188912,37.0,01-12-17 10:45,Approx. w-center algo1
170,30:d3:2d:37:20:f4,devolo-0f4,6,-80.0,32.17013234254386,34.81102657991228,35.03747895853801,01-12-17 10:44,Approx. w-center algo1
171,30:b5:c2:6e:12:d4,HOTBOX1234,1,-88.0,32.1724962,34.81260015,47.0,01-12-17 10:43,Approx. w-center algo1
172,00:24:01:18:99:57,dlink,6,-67.0,32.17010133,34.81351418,29.07004588,01-12-17 10:58,Approx. w-center algo1
173,ec:8c:a2:09:dd:48,LRWN,11,-59.0,32.168823197613044,34.81158864823956,26.83601227671893,01-12-17 10:57,Approx. w-center algo1
174,74:da:38:14:4b:88,landau,11,-81.0,32.169886561719565,34.812324989792224,35.82031749076234,01-12-17 10:45,Approx. w-center algo1
175,fc:15:b4:65:09:20,HP-Print-20-Deskjet 4640 series,1,-83.0,32.16986520169248,34.81091751197468,32.80783563402614,01-12-17 10:44,Approx. w-center algo1
176,06:c2:3e:e4:21:85,HTC,4,-86.0,32.16880479304541,34.81056729619628,27.6125046850484,01-12-17 11:05,Approx. w-center algo1
177,74:da:38:97:66:9d,oved-main_2EX,6,-77.0,32.169859800335466,34.81090683820361,29.207255552092732,01-12-17 10:51,Approx. w-center algo1
178,62:ee:0c:3b:ac:5b,Bezeq Free,11,-75.0,32.16981779,34.81346387,35.0,01-12-17 10:57,Approx. w-center algo1
179,00:21:63:4d:73:31,Astra,6,-86.0,32.16987167056998,34.81230084893821,34.20075967166204,01-12-17 10:45,Approx. w-center algo1
180,c0:ac:54:f5:7d:bd,HOTBOX-2017,11,-72.0,32.171062608247794,34.812794800769666,39.19495592047045,01-12-17 10:58,Approx. w-center algo1
181,d8:fb:5e:17:62:4d,HOTBOX12,1,-87.0,32.16988722,34.81091198,37.0,01-12-17 10:44,Approx. w-center algo1
182,54:64:d9:66:29:ef,U2I8L1M0X42,11,-85.0,32.17217553,34.81201239,29.324181630000005,01-12-17 10:44,Approx. w-center algo1
183,54:b8:0a:34:68:90,Shani - Green,6,-89.0,32.17190893585861,34.811884623092766,40.27198158857548,01-12-17 10:50,Approx. w-center algo1
184,e0:ce:c3:23:12:30,HOTFiber arama,1,-76.0,32.16957574,34.81265851,32.0,01-12-17 10:57,Approx. w-center algo1
185,c4:04:15:64:e8:cc,Gillad-1_2.4,11,-77.0,32.17053537,34.81259485,37.0,01-12-17 11:00,Approx. w-center algo1
186,10:fe:ed:74:fc:46,Alpha125,1,-90.0,32.169406829111324,34.81074521349915,30.702967335464866,01-12-17 10:51,Approx. w-center algo1
187,14:ae:db:32:d5:c2,GFCM,4,-92.0,32.170756655818515,34.81134200550574,28.224541140145234,01-12-17 11:04,Approx. w-center algo1
188,c0:ac:54:f8:6c:8a,amnon,6,-78.0,32.17061762442052,34.813596590331315,39.007482475679566,01-12-17 10:59,Approx. w-center algo1
189,52:a8:1d:12:df:c4,@Cafe,1,-92.0,32.171290880406936,34.81226370160693,33.57526011560693,01-12-17 10:50,Approx. w-center algo1
190,00:78:9e:fb:1e:09,HOTBOX-4D4E,1,-91.0,32.17005339,34.81099874,30.62659342,01-12-17 10:50,Approx. w-center algo1
191,f8:d1:11:b1:92:93,iFOREX,6,-91.0,32.16888141,34.81057059,27.56438271,01-12-17 10:56,Approx. w-center algo1
192,14:ae:db:ba:1e:85,GuyHila,11,-76.0,32.1724094,34.81316731,41.0,01-12-17 10:50,Approx. w-center algo1
193,c4:12:f5:fb:c0:3e,mika1,1,-77.0,32.1712535845918,34.81164528278195,30.391263418827155,01-12-17 10:50,Approx. w-center algo1
194,74:da:38:c3:0d:6b,Jamcanup,2,-87.0,32.16917019,34.81066503,28.81036798,01-12-17 10:55,Approx. w-center algo1
195,00:12:2a:e1:6c:4c,Oded 5Ghz,48,-82.0,32.17131032534714,34.81284274179902,33.49273977776934,01-12-17 10:46,Approx. w-center algo1
196,a8:c8:3a:35:b6:d4,Partner-4G-B6D4,1,-92.0,32.17103853,34.81359455,43.0,01-12-17 10:59,Approx. w-center algo1
197,d4:7b:b0:79:65:fc,landau,11,-89.0,32.16997113930973,34.81231286803418,33.36689392470492,01-12-17 10:59,Approx. w-center algo1
198,d8:fb:5e:17:62:f5,HOTBOX-62EF,1,-80.0,32.170271170901984,34.81247278636561,35.737704673179515,01-12-17 10:45,Approx. w-center algo1
199,d8:5d:4c:d1:4d:b0,Yotam _ work _ room,9,-68.0,32.1710681133213,34.81331975394185,33.91672107461703,01-12-17 10:58,Approx. w-center algo1
200,88:dc:96:3b:f5:e0,kenley-up,6,-87.0,32.17244369,34.81206366,42.9234122,01-12-17 11:04,Approx. w-center algo1
201,90:8d:78:b6:28:f6,Talfamily2,5,-62.0,32.16879785,34.81168165,32.0,01-12-17 11:10,Approx. w-center algo1
202,80:1f:02:a3:7d:62,Gil Kitchen,6,-83.0,32.17226394208427,34.812067076767796,42.68390477559633,01-12-17 11:04,Approx. w-center algo1
203,14:ae:db:b7:99:2d,Guymic,6,-78.0,32.17054111369417,34.81123607188634,36.534174584555316,01-12-17 10:50,Approx. w-center algo1
204,74:da:38:c6:57:9b,edimax.setup,9,-71.0,32.17027834,34.81274376,40.0,01-12-17 10:58,Approx. w-center algo1
205,14:ae:db:48:af:4d,InnovationEndeavors-guest,9,-91.0,32.17005713467722,34.81237055547468,35.28990199187942,01-12-17 11:06,Approx. w-center algo1
206,b4:ee:b4:86:c0:f1,Efrat,11,-74.0,32.17223802,34.81444473,10.58036115,01-12-17 10:43,Approx. w-center algo1
207,04:a1:51:e0:5f:ee,MNP_HOME_2.4GHz_1,6,-81.0,32.171057732801394,34.813513637313214,34.701425986728566,01-12-17 10:58,Approx. w-center algo1
208,62:ee:0c:39:f9:16,BezeqFree,5,-84.0,32.16948277129625,34.810759093166375,29.21595771457337,01-12-17 10:51,Approx. w-center algo1
209,e4:d3:f1:9a:81:60,rdk,13,-85.0,32.1705249,34.8112437,28.48330591,01-12-17 10:44,Approx. w-center algo1
210,d0:d4:12:64:05:12,shmulik,11,-80.0,32.17004926,34.81351135,36.0,01-12-17 10:58,Approx. w-center algo1
211,d0:d4:12:65:19:a2,netbox,1,-96.0,32.1692751,34.81066887,38.0,01-12-17 10:44,Approx. w-center algo1
212,00:78:9e:fa:6f:c3,HOTBOX-F028,1,-80.0,32.1704120426422,34.81356405379817,33.08982997348624,01-12-17 10:58,Approx. w-center algo1
213,cc:16:7e:97:1d:92,KaymeraGuest,1,-95.0,32.16872739,34.81060785,38.0,01-12-17 10:44,Approx. w-center algo1
214,a0:8e:78:7f:2a:69,HOTBOX12,1,-87.0,32.16983611,34.81088834,28.0,01-12-17 10:51,Approx. w-center algo1
215,84:16:f9:e4:e3:ca,TP-LINK_E3CA,9,-77.0,32.17027312224917,34.81276273626247,34.71669676637116,01-12-17 10:58,Approx. w-center algo1
216,00:78:9e:f9:f5:5b,HOTBOX1234,1,-81.0,32.172556080328945,34.81238349020323,45.58057422736018,01-12-17 11:04,Approx. w-center algo1
217,74:da:38:54:b8:1c,oved-main_2EX,6,-80.0,32.16969384,34.81086099,40.95173659,01-12-17 11:05,Approx. w-center algo1
218,06:ae:db:ba:1e:85,BezeqFree,11,-76.0,32.17242259345708,34.81307344356245,43.80911080489584,01-12-17 10:50,Approx. w-center algo1
219,e8:94:f6:e2:6e:4b,frank,6,-65.0,32.17024184146893,34.812641694928615,32.255972098477,01-12-17 11:00,Approx. w-center algo1
220,c4:a8:1d:13:2a:95,Eric 2.4,1,-87.0,32.1699948,34.81094348,29.0,01-12-17 10:50,Approx. w-center algo1
221,40:65:a3:2b:62:22,HOTFiber-400D,6,-83.0,32.16882796910135,34.81176748155744,34.83161255486504,01-12-17 11:05,Approx. w-center algo1
222,80:26:89:0d:4f:84,DIR-825-4f83,1,-57.0,32.17241949416056,34.81308385326517,31.669884593893403,01-12-17 10:43,Approx. w-center algo1
223,c4:12:f5:f9:5c:7c,Lili,11,-79.0,32.16947314337684,34.81076816203343,35.90922172729192,01-12-17 11:05,Approx. w-center algo1
224,40:65:a3:2b:62:0e,HOTFiber-400D,6,-89.0,32.1688461,34.81178747,28.29109854,01-12-17 10:45,Approx. w-center algo1
225,c0:a0:bb:cb:59:5b,BezeqNGN_001489_2.4GHz_1,1,-68.0,32.16932024096152,34.8106989015091,33.35585760488497,01-12-17 10:54,Approx. w-center algo1
226,cc:b2:55:67:2b:85,claire,6,-90.0,32.17092411,34.81275919,29.9988896,01-12-17 10:59,Approx. w-center algo1
227,ac:f1:df:76:a0:9c,dlink-A09C,11,-91.0,32.16939951111702,34.81073876833732,27.312818698302273,01-12-17 10:51,Approx. w-center algo1
228,08:ea:44:74:4b:d5,Nehalem_ISR,1,-92.0,32.16958729,34.81218021,40.0,01-12-17 10:45,Approx. w-center algo1
229,30:e1:71:fb:1e:f7,DIRECT-F6-HP DeskJet 3830 series,11,-92.0,32.17231097,34.81407594,39.0,01-12-17 11:11,Approx. w-center algo1
230,80:1f:02:d4:9a:92,Ben-Eliyahu_PC,10,-92.0,32.17230215,34.81400233,37.0,01-12-17 11:01,Approx. w-center algo1
231,c0:ac:54:f8:0c:ac,G10,11,-94.0,32.17106538,34.81150977,30.0,01-12-17 11:09,Approx. w-center algo1
232,08:97:58:32:d2:98,NIPPON_3687,2,-79.0,32.17251952515262,34.81244819808286,35.37354302121694,01-12-17 10:50,Approx. w-center algo1
233,b4:ee:b4:36:dd:b9,HOTFiber-400D,6,-89.0,32.1688377,34.81174537,26.96056003,01-12-17 10:57,Approx. w-center algo1
234,70:5a:0f:b2:64:cd,DIRECT-CC-HP DeskJet 4670 series,6,-67.0,32.172469610640924,34.81287344181988,39.780945816832926,01-12-17 11:04,Approx. w-center algo1
235,00:30:4f:91:36:07,hilda,6,-71.0,32.16965450696652,34.81296058026231,26.934117151252895,01-12-17 10:57,Approx. w-center algo1
236,08:97:58:32:69:c6,Volvo247,4,-81.0,32.17220926,34.8144483,15.37643594,01-12-17 10:49,Approx. w-center algo1
237,fa:8f:ca:35:6e:e9, ,1,-86.0,32.16991824,34.81090236,25.0,01-12-17 11:05,Approx. w-center algo1
238,e4:6f:13:73:0a:c2,simon,8,-79.0,32.16878138861151,34.8107729440086,31.117820136797356,01-12-17 11:05,Approx. w-center algo1
239,74:da:38:6c:89:7b,Hetz2,1,-83.0,32.17043936,34.81118089,28.999999999999996,01-12-17 11:10,Approx. w-center algo1
240,80:1f:02:36:04:d0,arama,11,-67.0,32.169745822493574,34.81240250884478,34.47197963290459,01-12-17 10:57,Approx. w-center algo1
241,60:e3:27:e8:41:e8,Mevohot_3,11,-80.0,32.172370483891484,34.813458476296006,41.71240397675682,01-12-17 10:50,Approx. w-center algo1
242,a0:ab:1b:5d:c2:60,urigil1,10,-90.0,32.17241303384488,34.81208332617054,35.49585853081215,01-12-17 10:43,Approx. w-center algo1
243,8c:59:c3:ea:db:4a,Liza,1,-78.0,32.17192567319641,34.8119047669974,31.11749983953717,01-12-17 10:44,Approx. w-center algo1
244,b0:b2:8f:36:a2:b3,yotam17,10,-91.0,32.17053789,34.81359888,34.247660315,01-12-17 10:58,Approx. w-center algo1
245,8c:59:c3:ea:db:4b,Liza,36,-91.0,32.17177366,34.81183742,41.75368558,01-12-17 11:05,Approx. w-center algo1
246,14:ae:db:b2:5f:05,mazia,1,-87.0,32.16977119,34.81225463,40.0,01-12-17 10:45,Approx. w-center algo1
247,aa:6b:ad:04:c6:a8,DIRECT-a8-HP M477 LaserJet,1,-91.0,32.168811412470646,34.810598887598296,29.19300339315067,01-12-17 10:57,Approx. w-center algo1
248,c0:ac:54:f6:ae:5e,HOTBOX111,11,-77.0,32.16875525,34.8112991,26.89518462,01-12-17 10:57,Approx. w-center algo1
249,98:e7:f4:0a:dd:86,DIRECT-85-HP OfficeJet Pro 6960,6,-89.0,32.17043936,34.81118089,29.0,01-12-17 11:10,Approx. w-center algo1
250,00:78:9e:fa:b2:d0,Avisky,11,-91.0,32.16871788,34.811185,29.0,01-12-17 11:10,Approx. w-center algo1
251,74:da:38:c3:12:45,Liliup,2,-88.0,32.16949135,34.81077185,30.41870876,01-12-17 10:51,Approx. w-center algo1
252,a4:2b:b0:e0:3a:01,Fuck Off ext,11,-80.0,32.16927107,34.81201045,27.21999505,01-12-17 10:57,Approx. w-center algo1
253,28:80:23:40:5f:af,HP-Print-AF-Officejet Pro 6830,6,-70.0,32.17092567553639,34.81277314525291,36.72447296427769,01-12-17 11:00,Approx. w-center algo1
254,30:e1:71:be:67:57,DIRECT-56-HP OfficeJet 6950,11,-90.0,32.17257422,34.81234245,43.21979902,01-12-17 11:04,Approx. w-center algo1
255,b4:ee:b4:a7:81:5c,HOTBOX-8156,1,-89.0,32.169438473581316,34.81210568305478,32.78074215105223,01-12-17 10:57,Approx. w-center algo1
256,08:3e:5d:5c:72:5e,Lahav,11,-83.0,32.17236626965812,34.81360487981502,39.03603945161056,01-12-17 11:01,Approx. w-center algo1
257,fc:75:16:2e:5a:47,My_Internet,10,-77.0,32.170971404603954,34.81349601971543,35.269084440691934,01-12-17 10:58,Approx. w-center algo1
258,20:0c:c8:2b:2a:14,nina,11,-67.0,32.16958763259234,34.81220529045858,31.968815101800757,01-12-17 10:57,Approx. w-center algo1
259,ec:8e:b5:05:57:19,DIRECT-29-HP OfficeJet Pro 8710,6,-91.0,32.16957209,34.81340832,27.26150168,01-12-17 10:57,Approx. w-center algo1
260,18:d6:c7:97:bd:2a,hot,11,-86.0,32.17013195,34.81237323,40.0,01-12-17 10:59,Approx. w-center algo1
261,62:19:8f:46:9f:bf,Bezeq Free,6,-94.0,32.17010133,34.81351418,29.07004588,01-12-17 10:58,Approx. w-center algo1
262,14:ae:db:58:73:75,love,1,-58.0,32.172271452930666,34.81434255470572,32.9551522804144,01-12-17 11:01,Approx. w-center algo1
263,40:9b:cd:11:2f:88,dlink,44,-92.0,32.1705249,34.8112437,28.48330591,01-12-17 10:44,Approx. w-center algo1
264,84:16:f9:d7:2c:3a,TP-LINK_2C3A,1,-90.0,32.17094199,34.81148871,29.24753475,01-12-17 10:44,Approx. w-center algo1
265,a0:4f:d4:42:ba:71,cactus,1,-95.0,32.16872739,34.81060785,38.0,01-12-17 10:44,Approx. w-center algo1
266,06:ae:db:58:73:75,BezeqFree,1,-57.0,32.17225213070143,34.814198630960455,48.24472126330315,01-12-17 11:04,Approx. w-center algo1
267,c4:12:f5:82:92:78,David,9,-96.0,32.17063751,34.81125367,31.0,01-12-17 11:05,Approx. w-center algo1
268,6a:0c:c8:1d:c8:28,Bezeq Free F026CC,1,-81.0,32.169983587299356,34.81095238145859,36.99999999999999,01-12-17 10:44,Approx. w-center algo1
269,80:1f:02:e8:b9:cc,Eldad_2EX,11,-81.0,32.17248989827926,34.812651966343246,37.18296529981257,01-12-17 10:43,Approx. w-center algo1
