Shiran&yonatan,,,,,,,,,,,,Boaz,,,,,,,
,,,,,,,,,,,,,,,,,,,
,,,,alt,lat,lon,Equal,lat diff,lon diff ,alt diff,,,,,,lat,lon,alt,
01/12/2017 10:46,Lenovo PB2-690Y,00:07:26:4f:07:ae,HOTBOX-1A14,34.66128724,32.17240894,34.81332522,1,0,0,0,,00:07:26:4f:07:ae,HOTBOX-1A14,6,-86,32.17240894,34.81332522,34.66128724,01/12/2017 11:06
01/12/2017 10:58,Lenovo PB2-690Y,00:0b:6c:4d:1b:3f,UFI_UF230_B3F,34.98400673,32.17025604,34.81245222,1,0.000317144,0.000164057,1.239941874,,00:0b:6c:4d:1b:3f,UFI_UF230_B3F,6,-58,32.17057319,34.81261628,33.74406486,01/12/2017 11:06
01/12/2017 10:49,SM-G950F,00:12:2a:35:c8:7c,Chakir,30.59005383,32.17228483,34.8140369,1,3.99429E-09,6.30195E-10,2.90701E-10,,00:12:2a:35:c8:7c,Chakir,1,-86,32.17228483,34.8140369,30.59005383,01/12/2017 10:49
01/12/2017 10:58,Lenovo PB2-690Y,00:12:2a:d2:0c:38,test012,34.49692459,32.17105809,34.81351327,1,1.0665E-09,1.3105E-09,7.93904E-10,,00:12:2a:d2:0c:38,test012,1,-87,32.17105809,34.81351327,34.49692459,01/12/2017 10:58
01/12/2017 10:45,SM-G950F,00:12:2a:e1:6c:48,Oded 2.4Ghz,34.6656312,32.17124828,34.81282314,1,0.000178385,4.1599E-05,0.831340277,,00:12:2a:e1:6c:48,Oded 2.4Ghz,11,-69,32.17106989,34.81278154,35.49697147,01/12/2017 10:58
01/12/2017 10:58,SM-G950F,00:12:2a:e1:6c:4c,Oded 5Ghz,27.63776577,32.17085627,34.81274933,1,0.000454058,9.34078E-05,5.854974008,,00:12:2a:e1:6c:4c,Oded 5Ghz,48,-82,32.17131033,34.81284274,33.49273978,01/12/2017 10:46
01/12/2017 10:44,Lenovo PB2-690Y,00:13:d4:0f:f3:ba,home,33.83885117,32.17085899,34.81142233,1,1.89687E-06,3.42346E-07,0.055158867,,00:13:d4:0f:f3:ba,home,1,-77,32.17086089,34.81142267,33.7836923,01/12/2017 10:44
01/12/2017 10:59,Lenovo PB2-690Y,00:14:bf:42:7e:96,hot,40,32.17022651,34.81242086,1,0,0,0,,00:14:bf:42:7e:96,hot,9,-83,32.17022651,34.81242086,40,01/12/2017 10:59
01/12/2017 10:45,Lenovo PB2-690Y,00:1c:10:09:4f:bc,hot,38.01001933,32.17047629,34.81255111,1,0.000164034,6.995E-05,1.176539474,,00:1c:10:09:4f:bc,hot,3,-71,32.17064033,34.81262106,39.18655881,01/12/2017 10:58
01/12/2017 10:58,SM-G950F,00:21:04:e7:95:da,orange,29.3070933,32.17019246,34.81352784,1,3.9038E-09,3.2401E-09,1.9263E-09,,00:21:04:e7:95:da,orange,1,-74,32.17019246,34.81352784,29.3070933,01/12/2017 10:58
01/12/2017 10:45,SM-G950F,00:21:63:4d:73:31,Astra,34.20075967,32.16987167,34.81230085,1,6.82E-10,1.9923E-09,1.66203E-10,,00:21:63:4d:73:31,Astra,6,-86,32.16987167,34.81230085,34.20075967,01/12/2017 10:45
01/12/2017 10:58,SM-G950F,00:24:01:18:99:57,dlink,29.07004588,32.17010133,34.81351418,1,3.2443E-09,3.2369E-09,2.8379E-09,,00:24:01:18:99:57,dlink,6,-67,32.17010133,34.81351418,29.07004588,01/12/2017 10:58
01/12/2017 10:50,SM-G950F,00:24:2b:cf:13:21,stephane,37.12648256,32.17021044,34.81109194,1,1.97689E-09,9.90696E-10,1.1962E-09,,00:24:2b:cf:13:21,stephane,1,-64,32.17021043,34.81109194,37.12648256,01/12/2017 11:05
01/12/2017 10:45,Lenovo PB2-690Y,00:25:86:b1:6f:f8,A-Home,38.32878388,32.16871154,34.81078063,1,1.92983E-11,3.68985E-11,1.1203E-09,,00:25:86:b1:6f:f8,A-Home,6,-81,32.16871154,34.81078063,38.32878388,01/12/2017 10:45
01/12/2017 10:45,Lenovo PB2-690Y,00:26:5a:10:b7:0a,Einav_1,40,32.16940316,34.81209444,1,0,0,0,,00:26:5a:10:b7:0a,Einav_1,6,-82,32.16940316,34.81209444,40,01/12/2017 10:45
01/12/2017 10:58,Lenovo PB2-690Y,00:26:5a:24:f4:f0,Yotam_Shir,35.02406379,32.17109013,34.81334519,1,2.1828E-09,1.8475E-09,1.9666E-09,,00:26:5a:24:f4:f0,Yotam_Shir,8,-87,32.17109013,34.81334518,35.02406379,01/12/2017 10:59
01/12/2017 10:45,Lenovo PB2-690Y,00:26:5a:69:94:e3,TUCHLER,35.72605872,32.17026411,34.81249415,1,1.1055E-09,4.162E-10,8.23498E-10,,00:26:5a:69:94:e3,TUCHLER,6,-81,32.17026411,34.81249415,35.72605872,01/12/2017 10:45
01/12/2017 10:59,SM-G950F,00:30:4f:82:7b:30,WR,30.24608018,32.16921658,34.8119993,1,4.0805E-09,1.5223E-09,3.1775E-09,,00:30:4f:82:7b:30,WR,11,-89,32.16921658,34.8119993,30.24608018,01/12/2017 10:59
01/12/2017 10:45,SM-G950F,00:30:4f:91:36:07,hilda,26.93411715,32.16965451,34.81296058,1,6.81901E-10,2.6625E-09,6.51301E-10,,00:30:4f:91:36:07,hilda,6,-71,32.16965451,34.81296058,26.93411715,01/12/2017 10:57
01/12/2017 10:57,Lenovo PB2-690Y,00:30:4f:91:38:b3,hilda,35,32.1696487,34.81343376,1,0,0,0,,00:30:4f:91:38:b3,hilda,6,-73,32.1696487,34.81343376,35,01/12/2017 10:57
01/12/2017 10:50,SM-G950F,00:78:9e:f9:e8:58,Hotbox,31.6513231,32.17252252,34.81247912,1,1.1522E-09,8.07596E-10,6.901E-10,,00:78:9e:f9:e8:58,Hotbox,11,-91,32.17252252,34.81247912,31.6513231,01/12/2017 10:50
01/12/2017 10:43,Lenovo PB2-690Y,00:78:9e:f9:f5:5b,HOTBOX1234,45.58057423,32.17255608,34.81238349,1,1.8126E-09,1.6083E-09,4.78302E-10,,00:78:9e:f9:f5:5b,HOTBOX1234,1,-81,32.17255608,34.81238349,45.58057423,01/12/2017 11:04
01/12/2017 10:43,Lenovo PB2-690Y,00:78:9e:fa:0e:5c,Miller,46.85442359,32.17242812,34.81272304,1,0,0,0,,00:78:9e:fa:0e:5c,Miller,1,-78,32.17242812,34.81272304,46.85442359,01/12/2017 10:46
01/12/2017 11:06,SM-G950F,00:78:9e:fa:0e:db,snapper1,35.18755396,32.16990288,34.81229082,1,2.1359E-09,2.5054E-09,9.57598E-10,,00:78:9e:fa:0e:db,snapper1,1,-91,32.16990288,34.81229082,35.18755396,01/12/2017 11:06
01/12/2017 10:45,Lenovo PB2-690Y,00:78:9e:fa:3b:62,geller,37.4805874,32.17020133,34.81244903,1,1.926E-10,4.49305E-10,1.33397E-10,,00:78:9e:fa:3b:62,geller,11,-90,32.17020133,34.81244903,37.4805874,01/12/2017 10:45
01/12/2017 10:58,Lenovo PB2-690Y,00:78:9e:fa:6f:c3,HOTBOX-F028,33.08982997,32.17041204,34.81356405,1,1.643E-09,9.59005E-10,5.53939E-11,,00:78:9e:fa:6f:c3,HOTBOX-F028,1,-80,32.17041204,34.81356405,33.08982997,01/12/2017 10:58
01/12/2017 11:10,Lenovo PB2-690Y,00:78:9e:fa:b2:d0,Avisky,29,32.16871788,34.811185,1,0,0,0,,00:78:9e:fa:b2:d0,Avisky,11,-91,32.16871788,34.811185,29,01/12/2017 11:10
01/12/2017 10:50,SM-G950F,00:78:9e:fb:1e:09,HOTBOX-4D4E,30.62659342,32.17005339,34.81099874,1,8.28202E-10,3.84297E-10,2.7203E-09,,00:78:9e:fb:1e:09,HOTBOX-4D4E,1,-91,32.17005339,34.81099874,30.62659342,01/12/2017 10:50
01/12/2017 10:50,Lenovo PB2-690Y,00:c0:02:0a:c6:c2,luxynet,37,32.17134232,34.81165241,1,0,0,0,,00:c0:02:0a:c6:c2,luxynet,7,-93,32.17134232,34.81165241,37,01/12/2017 10:50
01/12/2017 10:44,Lenovo PB2-690Y,00:f6:63:15:58:80,kaymeraQA,38,32.16872739,34.81060785,1,0,0,0,,00:f6:63:15:58:80,kaymeraQA,1,-82,32.16872739,34.81060785,38,01/12/2017 10:44
01/12/2017 10:53,SM-G950F,00:f6:63:15:58:81,KaymeraDev,36.75506604,32.17050019,34.81123732,1,0.000190873,8.99204E-05,1.880481924,,00:f6:63:15:58:81,KaymeraDev,1,-78,32.17030932,34.8111474,34.87458411,01/12/2017 10:53
01/12/2017 10:44,Lenovo PB2-690Y,00:f6:63:15:58:82,KaymeraGuest,38.99324325,32.17097321,34.81144726,1,0,0,0,,00:f6:63:15:58:82,KaymeraGuest,1,-86,32.17097321,34.81144726,38.99324325,01/12/2017 10:44
01/12/2017 10:44,SM-G950F,00:f6:63:15:58:8e,KaymeraDev,27.11526685,32.16882317,34.81054405,1,2.427E-09,3.72097E-10,2.2374E-09,,00:f6:63:15:58:8e,KaymeraDev,36,-92,32.16882317,34.81054405,27.11526685,01/12/2017 10:44
01/12/2017 10:58,Lenovo PB2-690Y,04:a1:51:e0:5f:ee,MNP_HOME_2.4GHz_1,34.70142599,32.17105773,34.81351364,1,1.0268E-09,1.2618E-09,7.64402E-10,,04:a1:51:e0:5f:ee,MNP_HOME_2.4GHz_1,6,-81,32.17105773,34.81351364,34.70142599,01/12/2017 10:58
01/12/2017 10:45,Lenovo PB2-690Y,06:ae:db:48:af:4d,BezeqFree,38.06555615,32.1704447,34.81252478,1,0,0,0,,06:ae:db:48:af:4d,BezeqFree,9,-90,32.1704447,34.81252478,38.06555615,01/12/2017 10:59
01/12/2017 11:04,SM-G950F,06:ae:db:58:73:75,BezeqFree,48.24472126,32.17225213,34.81419863,1,2.3457E-09,2.4794E-09,6.888E-10,,06:ae:db:58:73:75,BezeqFree,1,-57,32.17225213,34.81419863,48.24472126,01/12/2017 11:04
01/12/2017 10:43,Lenovo PB2-690Y,06:ae:db:ba:1e:85,BezeqFree,43.8091108,32.17242259,34.81307344,1,0,0,0,,06:ae:db:ba:1e:85,BezeqFree,11,-76,32.17242259,34.81307344,43.8091108,01/12/2017 10:50
01/12/2017 10:43,Lenovo PB2-690Y,06:ae:db:c1:ad:7d,BezeqFree,48,32.17246651,34.81278713,1,0,0,0,,06:ae:db:c1:ad:7d,BezeqFree,1,-87,32.17246651,34.81278713,48,01/12/2017 10:43
01/12/2017 10:44,SM-G950F,06:c2:3e:e4:21:85,HTC,27.61250469,32.16880479,34.8105673,1,8.07205E-10,1.23698E-10,7.44102E-10,,06:c2:3e:e4:21:85,HTC,4,-86,32.16880479,34.8105673,27.61250469,01/12/2017 11:05
01/12/2017 10:43,Lenovo PB2-690Y,08:3e:5d:5c:72:5e,Lahav,39.03603945,32.17236627,34.81360488,1,3.28498E-10,8.52403E-10,9.61997E-10,,08:3e:5d:5c:72:5e,Lahav,11,-83,32.17236627,34.81360488,39.03603945,01/12/2017 11:01
01/12/2017 11:05,Lenovo PB2-690Y,08:97:58:31:e0:c6,SEW132_23574336,34.6787126,32.17142739,34.81168267,1,8.32574E-07,5.41706E-06,0.916021655,,08:97:58:31:e0:c6,SEW132_23574336,3,-78,32.17142823,34.81168808,35.59473426,01/12/2017 11:05
01/12/2017 10:49,SM-G950F,08:97:58:32:69:c6,Volvo247,15.37643594,32.17220926,34.8144483,1,4.393E-10,1.6812E-09,1.972E-09,,08:97:58:32:69:c6,Volvo247,4,-81,32.17220926,34.8144483,15.37643594,01/12/2017 10:49
01/12/2017 10:50,SM-G950F,08:97:58:32:d2:98,NIPPON_3687,31.6513231,32.17252252,34.81247912,1,2.9937E-06,3.09211E-05,3.722219922,,08:97:58:32:d2:98,NIPPON_3687,2,-79,32.17251953,34.8124482,35.37354302,01/12/2017 10:50
01/12/2017 10:45,Lenovo PB2-690Y,08:ea:44:74:4b:d5,Nehalem_ISR,40,32.16958729,34.81218021,1,0,0,0,,08:ea:44:74:4b:d5,Nehalem_ISR,1,-92,32.16958729,34.81218021,40,01/12/2017 10:45
01/12/2017 11:05,SM-G950F,0c:f4:d5:29:a2:9c,LRWN,34.73211325,32.16877059,34.81128396,1,0.000102122,0.000542832,0.678284707,,0c:f4:d5:29:a2:9c,LRWN,36,-68,32.16887271,34.81182679,34.05382854,01/12/2017 10:57
01/12/2017 10:43,Lenovo PB2-690Y,10:0d:7f:80:17:80,ELDAD,38.25158527,32.17247442,34.81274882,1,4.73306E-06,6.28329E-05,0.933929126,,10:0d:7f:80:17:80,ELDAD,11,-73,32.17246968,34.81281165,37.31765615,01/12/2017 10:43
01/12/2017 10:57,Lenovo PB2-690Y,10:0d:7f:83:6c:fe,NETGEAR_DGN2200,35,32.1696487,34.81343376,1,0,0,0,,10:0d:7f:83:6c:fe,NETGEAR_DGN2200,11,-93,32.1696487,34.81343376,35,01/12/2017 10:57
01/12/2017 10:59,SM-G950F,10:5a:f7:08:27:71,Baruch_2.4,29.87122719,32.17094895,34.81367243,1,9.00201E-10,1.1769E-09,1.9398E-09,,10:5a:f7:08:27:71,Baruch_2.4,6,-90,32.17094895,34.81367243,29.87122719,01/12/2017 10:59
01/12/2017 10:49,Lenovo PB2-690Y,10:5a:f7:0f:d5:32,Zvi_2.4,51,32.17228106,34.81440381,1,0,0,0,,10:5a:f7:0f:d5:32,Zvi_2.4,11,-91,32.17228106,34.81440381,51,01/12/2017 10:49
01/12/2017 10:51,Lenovo PB2-690Y,10:be:f5:3f:b2:ce,bait,34.61511818,32.16976345,34.81087437,1,8.10601E-10,4.42299E-10,2.1153E-09,,10:be:f5:3f:b2:ce,bait,10,-92,32.16976345,34.81087437,34.61511818,01/12/2017 11:05
01/12/2017 10:56,Lenovo PB2-690Y,10:be:f5:40:26:82,Home,31,32.16916884,34.81065234,1,0,0,0,,10:be:f5:40:26:82,Home,10,-89,32.16916884,34.81065234,31,01/12/2017 10:56
01/12/2017 10:51,SM-G950F,10:fe:ed:74:fc:46,Alpha125,30.70296733,32.16940683,34.81074521,1,1.72381E-09,1.64869E-09,1.0637E-09,,10:fe:ed:74:fc:46,Alpha125,1,-90,32.16940683,34.81074521,30.70296734,01/12/2017 10:51
01/12/2017 11:07,SM-G950F,14:9d:09:80:00:9d,HUAWEI-009D,40.08129431,32.17225794,34.81441454,1,4.79901E-10,4.6623E-09,1.26749E-09,,14:9d:09:80:00:9d,HUAWEI-009D,4,-86,32.17225794,34.81441454,40.08129431,01/12/2017 11:07
01/12/2017 11:03,Lenovo PB2-690Y,14:9d:09:80:00:f1,HUAWEI-00F1,45,32.17223176,34.81443004,1,0,0,0,,14:9d:09:80:00:f1,HUAWEI-00F1,6,-85,32.17223176,34.81443004,45,01/12/2017 11:03
01/12/2017 11:04,Lenovo PB2-690Y,14:ae:db:32:d5:c2,GFCM,28.22454114,32.17075666,34.81134201,1,0,0,0,,14:ae:db:32:d5:c2,GFCM,4,-92,32.17075666,34.81134201,28.22454114,01/12/2017 11:04
01/12/2017 11:06,SM-G950F,14:ae:db:48:af:4d,InnovationEndeavors-guest,35.28990199,32.17005713,34.81237056,1,1.5634E-09,2.4745E-09,2.4256E-09,,14:ae:db:48:af:4d,InnovationEndeavors-guest,9,-91,32.17005713,34.81237056,35.28990199,01/12/2017 11:06
01/12/2017 10:46,Lenovo PB2-690Y,14:ae:db:58:73:75,love,32.95515228,32.17227145,34.81434256,1,3.1158E-09,3.0177E-09,4.92101E-10,,14:ae:db:58:73:75,love,1,-58,32.17227145,34.81434255,32.95515228,01/12/2017 11:01
01/12/2017 10:45,Lenovo PB2-690Y,14:ae:db:b2:5f:05,mazia,40,32.16977119,34.81225463,1,0,0,0,,14:ae:db:b2:5f:05,mazia,1,-87,32.16977119,34.81225463,40,01/12/2017 10:45
01/12/2017 10:44,Lenovo PB2-690Y,14:ae:db:b7:99:2d,Guymic,39,32.17058125,34.8112445,1,4.01372E-05,8.42329E-06,2.465825415,,14:ae:db:b7:99:2d,Guymic,6,-78,32.17054111,34.81123607,36.53417458,01/12/2017 10:50
01/12/2017 10:58,Lenovo PB2-690Y,14:ae:db:b7:ab:ad,44870715,33.69249758,32.17110149,34.81301364,1,1.884E-09,2.1348E-09,1.2506E-09,,14:ae:db:b7:ab:ad,44870715,6,-81,32.17110149,34.81301364,33.69249757,01/12/2017 10:58
01/12/2017 10:50,Lenovo PB2-690Y,14:ae:db:ba:1e:85,GuyHila,41,32.1724094,34.81316731,1,0,0,0,,14:ae:db:ba:1e:85,GuyHila,11,-76,32.1724094,34.81316731,41,01/12/2017 10:50
01/12/2017 10:43,Lenovo PB2-690Y,14:ae:db:c1:ad:7d,shweiger1,47,32.17243758,34.81296682,1,0,0,0,,14:ae:db:c1:ad:7d,shweiger1,1,-84,32.17243758,34.81296682,47,01/12/2017 10:43
01/12/2017 10:43,SM-G950F,14:ae:db:cc:ed:6d,KarvatB0.5,22.81899152,32.17226522,34.81421445,1,4.0756E-09,1.4298E-09,1.2936E-09,,14:ae:db:cc:ed:6d,KarvatB0.5,48,-89,32.17226522,34.81421445,22.81899152,01/12/2017 10:43
01/12/2017 10:58,Lenovo PB2-690Y,14:cc:20:09:3c:b9,sirocco_2.4o,36.56723013,32.17109863,34.81304547,1,1.2274E-09,1.3908E-09,8.149E-10,,14:cc:20:09:3c:b9,sirocco_2.4o,11,-83,32.17109863,34.81304547,36.56723013,01/12/2017 10:59
01/12/2017 11:11,Lenovo PB2-690Y,14:cc:20:76:b8:2a,Oded,37.16459367,32.1706829,34.81264553,1,9.46242E-05,5.38364E-05,0.259544723,,14:cc:20:76:b8:2a,Oded,11,-65,32.17077752,34.81269937,37.42413839,01/12/2017 10:45
01/12/2017 10:45,Lenovo PB2-690Y,14:cc:20:76:c0:8e,TP-LINK_76C08E,39.44834441,32.17103643,34.81278406,1,0.000198497,4.16591E-05,0.077535661,,14:cc:20:76:c0:8e,TP-LINK_76C08E,1,-84,32.17083793,34.8127424,39.52588007,01/12/2017 11:06
01/12/2017 11:00,Lenovo PB2-690Y,14:cc:20:da:ab:9a,Fuck Off,33,32.16902986,34.81190459,1,0,0,0,,14:cc:20:da:ab:9a,Fuck Off,11,-77,32.16902986,34.81190459,33,01/12/2017 11:00
01/12/2017 10:58,Lenovo PB2-690Y,16:0c:c3:ee:27:39,Is,33.48002461,32.17049911,34.81357876,1,8.13294E-10,5.70203E-10,9.30797E-10,,16:0c:c3:ee:27:39,Is,6,-83,32.17049911,34.81357876,33.48002461,01/12/2017 10:58
01/12/2017 10:57,SM-G950F,16:ae:db:c1:ae:55,Fuck Off Yourself,27.21999505,32.16927107,34.81201045,1,2.4691E-09,1.97721E-09,2.5649E-09,,16:ae:db:c1:ae:55,Fuck Off Yourself,9,-79,32.16927107,34.81201045,27.21999505,01/12/2017 10:57
01/12/2017 10:58,Lenovo PB2-690Y,18:1e:78:86:03:15,HOTBOX-F028,35.32725113,32.1705157,34.81357943,1,1.214E-09,7.08596E-10,4.08988E-11,,18:1e:78:86:03:15,HOTBOX-F028,1,-61,32.1705157,34.81357943,35.32725113,01/12/2017 10:58
01/12/2017 11:05,SM-G950F,18:cc:23:00:18:45,gononsmarthome,35.16075161,32.17043486,34.81119073,1,3.01704E-10,1.9151E-09,1.8913E-09,,18:cc:23:00:18:45,gononsmarthome,3,-89,32.17043486,34.81119073,35.16075161,01/12/2017 11:05
01/12/2017 10:59,Lenovo PB2-690Y,18:d6:c7:97:bd:2a,hot,40,32.17013195,34.81237323,1,0,0,0,,18:d6:c7:97:bd:2a,hot,11,-86,32.17013195,34.81237323,40,01/12/2017 10:59
01/12/2017 10:44,Lenovo PB2-690Y,18:d6:c7:fb:1c:0e,Oberyn Martell,35.21775225,32.16889422,34.81086515,1,0,0,0,,18:d6:c7:fb:1c:0e,Oberyn Martell,8,-79,32.16889422,34.81086515,35.21775225,01/12/2017 10:44
01/12/2017 10:46,SM-G950F,20:0c:c8:0a:ef:2a,SHAHAF2.4,26.59308527,32.17198535,34.81299604,1,2.77602E-10,2.836E-09,1.0279E-09,,20:0c:c8:0a:ef:2a,SHAHAF2.4,11,-82,32.17198535,34.81299604,26.59308527,01/12/2017 10:46
01/12/2017 10:44,Lenovo PB2-690Y,20:0c:c8:0f:21:93,ELCHARAR_2.4,31.36899475,32.16946912,34.81121735,1,2.1224E-09,1.7884E-09,3.323E-10,,20:0c:c8:0f:21:93,ELCHARAR_2.4,1,-89,32.16946912,34.81121735,31.36899475,01/12/2017 10:51
01/12/2017 10:43,Lenovo PB2-690Y,20:0c:c8:1b:a2:48,Mevohot_1,36.14795188,32.17238485,34.81335251,1,2.7603E-09,2.6751E-09,1.4487E-09,,20:0c:c8:1b:a2:48,Mevohot_1,6,-70,32.17238485,34.81335251,36.14795188,01/12/2017 10:49
01/12/2017 10:44,Lenovo PB2-690Y,20:0c:c8:1d:c8:2b,Neeman2.4,34.60026304,32.16994716,34.81094266,1,1.5631E-09,8.23896E-10,1.0299E-09,,20:0c:c8:1d:c8:2b,Neeman2.4,1,-78,32.16994716,34.81094266,34.60026304,01/12/2017 10:50
01/12/2017 10:44,SM-G950F,20:0c:c8:1d:c8:2c,Neeman2.4_5,28.28929069,32.17005047,34.81100762,1,2.563E-09,4.3519E-09,1.2306E-09,,20:0c:c8:1d:c8:2c,Neeman2.4_5,60,-89,32.17005047,34.81100762,28.28929069,01/12/2017 10:44
01/12/2017 10:45,SM-G950F,20:0c:c8:2b:2a:14,nina,32.27137764,32.16956681,34.8122956,1,2.08242E-05,9.03097E-05,0.302562542,,20:0c:c8:2b:2a:14,nina,11,-67,32.16958763,34.81220529,31.9688151,01/12/2017 10:57
01/12/2017 10:45,Lenovo PB2-690Y,28:80:23:40:5f:af,HP-Print-AF-Officejet Pro 6830,36.28838809,32.17107124,34.81267285,1,0.000145563,0.000100299,0.436084874,,28:80:23:40:5f:af,HP-Print-AF-Officejet Pro 6830,6,-70,32.17092568,34.81277315,36.72447296,01/12/2017 11:00
01/12/2017 10:56,SM-G950F,28:80:23:f6:e0:c1,HP-Print-C1-Deskjet 4640 series,32.68000823,32.16904151,34.81061145,1,4.1449E-05,1.7259E-05,1.258355756,,28:80:23:f6:e0:c1,HP-Print-C1-Deskjet 4640 series,11,-81,32.16908296,34.81062871,31.42165247,01/12/2017 10:56
01/12/2017 10:58,Lenovo PB2-690Y,28:f3:66:9d:dc:cb,Pantum-AP-9DDCCB,37,32.17021581,34.81353649,1,0,0,0,,28:f3:66:9d:dc:cb,Pantum-AP-9DDCCB,11,-84,32.17021581,34.81353649,37,01/12/2017 10:58
01/12/2017 10:43,Lenovo PB2-690Y,30:b5:c2:6e:12:d4,HOTBOX1234,47,32.1724962,34.81260015,1,0,0,0,,30:b5:c2:6e:12:d4,HOTBOX1234,1,-88,32.1724962,34.81260015,47,01/12/2017 10:43
01/12/2017 10:44,Lenovo PB2-690Y,30:b5:c2:e0:55:9c,Alpha125,37,32.16968089,34.81083325,1,0,0,0,,30:b5:c2:e0:55:9c,Alpha125,6,-82,32.16968089,34.81083325,37,01/12/2017 10:44
01/12/2017 10:44,Lenovo PB2-690Y,30:d3:2d:37:20:f4,devolo-0f4,35.03747896,32.17013234,34.81102658,1,2.92999E-10,1.35998E-10,9.62501E-10,,30:d3:2d:37:20:f4,devolo-0f4,6,-80,32.17013234,34.81102658,35.03747896,01/12/2017 10:44
01/12/2017 11:04,SM-G950F,30:e1:71:be:67:57,DIRECT-56-HP OfficeJet 6950,43.21979902,32.17257422,34.81234245,1,3.5813E-09,3.1775E-09,9.45207E-10,,30:e1:71:be:67:57,DIRECT-56-HP OfficeJet 6950,11,-90,32.17257422,34.81234245,43.21979902,01/12/2017 11:04
01/12/2017 11:11,Lenovo PB2-690Y,30:e1:71:fb:1e:f7,DIRECT-F6-HP DeskJet 3830 series,39,32.17231097,34.81407594,1,0,0,0,,30:e1:71:fb:1e:f7,DIRECT-F6-HP DeskJet 3830 series,11,-92,32.17231097,34.81407594,39,01/12/2017 11:11
01/12/2017 10:55,Lenovo PB2-690Y,34:36:3b:c2:be:b8,Home,25,32.16923806,34.81066982,1,0,0,0,,34:36:3b:c2:be:b8,Home,11,-91,32.16923806,34.81066982,25,01/12/2017 10:55
01/12/2017 11:05,SM-G950F,3c:1e:04:07:2a:fe,ronkla2,41.11423605,32.17134388,34.81166865,1,3.8898E-09,3.4985E-09,4.99229E-09,,3c:1e:04:07:2a:fe,ronkla2,6,-80,32.17134388,34.81166865,41.11423605,01/12/2017 11:05
01/12/2017 10:50,SM-G950F,3c:1e:04:07:2a:ff,ronkla2_5,31.09052557,32.17135803,34.81168874,1,4.7836E-09,4.085E-09,2.5769E-09,,3c:1e:04:07:2a:ff,ronkla2_5,48,-85,32.17135803,34.81168874,31.09052557,01/12/2017 10:50
01/12/2017 10:50,Lenovo PB2-690Y,3c:52:82:af:42:75,DIRECT-74-HP DeskJet 4670 series,42,32.17253375,34.81242662,1,0,0,0,,3c:52:82:af:42:75,DIRECT-74-HP DeskJet 4670 series,1,-59,32.17253375,34.81242662,42,01/12/2017 10:50
01/12/2017 10:45,SM-G950F,40:65:a3:2b:62:0e,HOTFiber-400D,28.29109854,32.1688461,34.81178747,1,2.70251E-09,6.38991E-11,2.4455E-09,,40:65:a3:2b:62:0e,HOTFiber-400D,6,-89,32.1688461,34.81178747,28.29109854,01/12/2017 10:45
01/12/2017 10:45,SM-G950F,40:65:a3:2b:62:22,HOTFiber-400D,34.83161255,32.16882797,34.81176748,1,1.8258E-09,1.885E-09,2.28205E-10,,40:65:a3:2b:62:22,HOTFiber-400D,6,-83,32.16882797,34.81176748,34.83161255,01/12/2017 11:05
01/12/2017 10:49,SM-G950F,40:65:a3:35:4c:c4,Efrat,13.65040889,32.17218268,34.81446402,1,2.1653E-09,2.97251E-09,1.0492E-09,,40:65:a3:35:4c:c4,Efrat,1,-75,32.17218268,34.81446402,13.65040889,01/12/2017 10:49
01/12/2017 10:44,SM-G950F,40:9b:cd:11:2f:88,dlink,28.48330591,32.1705249,34.8112437,1,1.4111E-09,2.90299E-10,3.0688E-09,,40:9b:cd:11:2f:88,dlink,44,-92,32.1705249,34.8112437,28.48330591,01/12/2017 10:44
01/12/2017 11:06,Lenovo PB2-690Y,40:b0:34:62:33:a6,DIRECT-A5-HP DeskJet 3700 series,27,32.1695048,34.81211179,1,0,0,0,,40:b0:34:62:33:a6,DIRECT-A5-HP DeskJet 3700 series,6,-87,32.1695048,34.81211179,27,01/12/2017 11:06
01/12/2017 10:51,Lenovo PB2-690Y,48:ee:0c:39:f9:15,Ronizyc1,23,32.16952648,34.81077208,1,0,0,0,,48:ee:0c:39:f9:15,Ronizyc1,5,-85,32.16952648,34.81077208,23,01/12/2017 10:51
01/12/2017 10:57,Lenovo PB2-690Y,48:ee:0c:3b:ac:5a,kawasaki,35,32.16981779,34.81346387,1,0,0,0,,48:ee:0c:3b:ac:5a,kawasaki,11,-75,32.16981779,34.81346387,35,01/12/2017 10:57
01/12/2017 10:45,Lenovo PB2-690Y,48:ee:0c:3b:fa:1e,Florida_Israel1,44,32.17012573,34.81242227,1,0,0,0,,48:ee:0c:3b:fa:1e,Florida_Israel1,1,-94,32.17012573,34.81242227,44,01/12/2017 10:45
01/12/2017 10:50,Lenovo PB2-690Y,48:ee:0c:3c:30:1e,Gana7,32,32.1708157,34.81137225,1,0,0,0,,48:ee:0c:3c:30:1e,Gana7,5,-93,32.1708157,34.81137225,32,01/12/2017 10:50
01/12/2017 11:07,SM-G950F,48:ee:0c:3d:eb:b8,Km,40.08129431,32.17225794,34.81441454,1,4.79901E-10,4.6623E-09,1.26749E-09,,48:ee:0c:3d:eb:b8,Km,9,-85,32.17225794,34.81441454,40.08129431,01/12/2017 11:07
01/12/2017 10:58,Lenovo PB2-690Y,4c:60:de:51:8b:ca,Laufer-wifi,34.21889969,32.17077878,34.81272278,1,6.75506E-10,2.3515E-09,1.8003E-09,,4c:60:de:51:8b:ca,Laufer-wifi,11,-89,32.17077878,34.81272278,34.21889968,01/12/2017 11:00
01/12/2017 10:43,Lenovo PB2-690Y,50:c7:bf:36:df:98,Gil-Up,48,32.17230828,34.81204165,1,0,0,0,,50:c7:bf:36:df:98,Gil-Up,2,-89,32.17230828,34.81204165,48,01/12/2017 10:43
01/12/2017 10:57,Lenovo PB2-690Y,52:0d:7f:83:6c:ff,Bezeq Free 836CFE,35,32.1696487,34.81343376,1,0,0,0,,52:0d:7f:83:6c:ff,Bezeq Free 836CFE,11,-90,32.1696487,34.81343376,35,01/12/2017 10:57
01/12/2017 10:50,Lenovo PB2-690Y,52:a8:1d:12:df:c4,@Cafe,33.57526012,32.17129088,34.8122637,1,0,0,0,,52:a8:1d:12:df:c4,@Cafe,1,-92,32.17129088,34.8122637,33.57526012,01/12/2017 10:50
01/12/2017 10:43,SM-G950F,52:b0:ce:ac:32:98,Bezeq Free GA32E3,33.71286158,32.17237829,34.81355683,1,7.76701E-10,5.75604E-10,1.45251E-09,,52:b0:ce:ac:32:98,Bezeq Free GA32E3,1,-62,32.17237829,34.81355683,33.71286158,01/12/2017 11:07
01/12/2017 10:59,SM-G950F,54:64:d9:5f:59:83,HOTBOX-651B,29.92559441,32.16944944,34.81211575,1,1.0382E-09,1.8585E-09,9.76101E-10,,54:64:d9:5f:59:83,HOTBOX-651B,1,-77,32.16944944,34.81211575,29.92559441,01/12/2017 10:59
01/12/2017 10:44,SM-G950F,54:64:d9:66:29:ef,U2I8L1M0X42,29.32418163,32.17217553,34.81201239,1,7.00801E-10,1.8326E-09,4.9867E-09,,54:64:d9:66:29:ef,U2I8L1M0X42,11,-85,32.17217553,34.81201239,29.32418163,01/12/2017 10:44
01/12/2017 10:44,Lenovo PB2-690Y,54:b8:0a:34:68:90,Shani - Green,40.27198159,32.17190894,34.81188462,1,0,0,0,,54:b8:0a:34:68:90,Shani - Green,6,-89,32.17190894,34.81188462,40.27198159,01/12/2017 10:50
01/12/2017 11:05,Lenovo PB2-690Y,54:b8:0a:34:78:d0,Shani - Green,31,32.17153243,34.81172407,1,0,0,0,,54:b8:0a:34:78:d0,Shani - Green,6,-88,32.17153243,34.81172407,31,01/12/2017 11:05
01/12/2017 10:44,SM-G950F,58:b6:33:34:81:a8,RDK,33.32638799,32.1704891,34.81120951,1,7.61197E-10,1.56703E-10,1.6556E-09,,58:b6:33:34:81:a8,RDK,1,-85,32.1704891,34.81120951,33.32638799,01/12/2017 10:44
01/12/2017 10:44,SM-G950F,58:b6:33:34:ae:f8,RDK,28.72405883,32.17048504,34.81121443,1,7.53502E-10,1.55104E-10,1.6389E-09,,58:b6:33:34:ae:f8,RDK,11,-85,32.17048504,34.81121443,28.72405883,01/12/2017 10:44
01/12/2017 10:44,Lenovo PB2-690Y,5a:0c:c8:0f:21:90,Bezeq Free T00C36,31.50534266,32.16946884,34.811218,1,2.0509E-09,1.7196E-09,3.79803E-10,,5a:0c:c8:0f:21:90,Bezeq Free T00C36,1,-90,32.16946884,34.811218,31.50534266,01/12/2017 10:57
01/12/2017 10:45,SM-G950F,5a:ab:1b:62:0d:fd,BezeqFree,34.41631415,32.16999464,34.81235259,1,4.15902E-10,6.90996E-10,8.10019E-12,,5a:ab:1b:62:0d:fd,BezeqFree,2,-82,32.16999464,34.81235259,34.41631415,01/12/2017 11:00
01/12/2017 10:44,Lenovo PB2-690Y,60:e3:27:bf:a1:a5,BARON WIFI 2.4,38,32.16872739,34.81060785,1,0,0,0,,60:e3:27:bf:a1:a5,BARON WIFI 2.4,11,-91,32.16872739,34.81060785,38,01/12/2017 10:44
01/12/2017 10:43,Lenovo PB2-690Y,60:e3:27:e8:41:e8,Mevohot_3,41.71240398,32.17237048,34.81345848,1,0,0,0,,60:e3:27:e8:41:e8,Mevohot_3,11,-80,32.17237048,34.81345848,41.71240398,01/12/2017 10:50
01/12/2017 10:58,SM-G950F,62:19:8f:46:9f:bf,Bezeq Free,29.07004588,32.17010133,34.81351418,1,3.2443E-09,3.2369E-09,2.8379E-09,,62:19:8f:46:9f:bf,Bezeq Free,6,-94,32.17010133,34.81351418,29.07004588,01/12/2017 10:58
01/12/2017 10:59,SM-G950F,62:b2:55:67:2b:86,Bezeq Free 672B84,29.9988896,32.17092411,34.81275919,1,8.34703E-10,4.1858E-09,4.9231E-09,,62:b2:55:67:2b:86,Bezeq Free 672B84,6,-92,32.17092411,34.81275919,29.9988896,01/12/2017 10:59
01/12/2017 10:55,Lenovo PB2-690Y,62:be:f5:40:26:83,BezeqFree,29,32.16935676,34.81068889,1,0,0,0,,62:be:f5:40:26:83,BezeqFree,10,-96,32.16935676,34.81068889,29,01/12/2017 10:55
01/12/2017 10:44,Lenovo PB2-690Y,62:ee:0c:39:f9:16,BezeqFree,29.21595771,32.16948277,34.81075909,1,0,0,0,,62:ee:0c:39:f9:16,BezeqFree,5,-84,32.16948277,34.81075909,29.21595771,01/12/2017 10:51
01/12/2017 10:57,Lenovo PB2-690Y,62:ee:0c:3b:ac:5b,Bezeq Free,35,32.16981779,34.81346387,1,0,0,0,,62:ee:0c:3b:ac:5b,Bezeq Free,11,-75,32.16981779,34.81346387,35,01/12/2017 10:57
01/12/2017 10:49,Lenovo PB2-690Y,62:ee:0c:3d:eb:b9,BezeqFree,45,32.17227827,34.81413625,1,0,0,0,,62:ee:0c:3d:eb:b9,BezeqFree,9,-88,32.17227827,34.81413625,45,01/12/2017 10:49
01/12/2017 10:50,Lenovo PB2-690Y,64:d9:54:e4:95:37,Gana7_2GExt,31.22900622,32.17071182,34.81133629,1,2.5511E-09,6.17696E-10,4.95501E-10,,64:d9:54:e4:95:37,Gana7_2GExt,5,-88,32.17071182,34.81133629,31.22900622,01/12/2017 10:50
01/12/2017 10:44,Lenovo PB2-690Y,6a:0c:c8:1d:c8:28,Bezeq Free F026CC,37,32.16998359,34.81095238,1,0,0,0,,6a:0c:c8:1d:c8:28,Bezeq Free F026CC,1,-81,32.16998359,34.81095238,37,01/12/2017 10:44
01/12/2017 11:05,SM-G950F,6c:2e:85:fe:da:b8,HOTBOX-1966,41.11423605,32.17134388,34.81166865,1,3.8898E-09,3.4985E-09,4.99229E-09,,6c:2e:85:fe:da:b8,HOTBOX-1966,6,-75,32.17134388,34.81166865,41.11423605,01/12/2017 11:05
01/12/2017 10:44,Lenovo PB2-690Y,6c:b0:ce:2f:43:36,Hilush111,42,32.1716947,34.81179424,1,0,0,0,,6c:b0:ce:2f:43:36,Hilush111,1,-92,32.1716947,34.81179424,42,01/12/2017 10:44
01/12/2017 10:43,SM-G950F,6c:b0:ce:ac:32:9b,dobry2016,31.25645285,32.17239564,34.81338023,1,2.195E-09,2.54502E-10,1.468E-09,,6c:b0:ce:ac:32:9b,dobry2016,1,-69,32.17239564,34.81338023,31.25645285,01/12/2017 10:43
01/12/2017 10:46,Lenovo PB2-690Y,6c:b0:ce:ac:32:9c,dobry2016_5,42,32.17232792,34.81365654,1,0,0,0,,6c:b0:ce:ac:32:9c,dobry2016_5,60,-89,32.17232792,34.81365654,42,01/12/2017 10:46
01/12/2017 10:45,Lenovo PB2-690Y,70:4c:a5:20:be:18,SE-WiFi-Employees,37,32.16898017,34.81188912,1,0,0,0,,70:4c:a5:20:be:18,SE-WiFi-Employees,1,-94,32.16898017,34.81188912,37,01/12/2017 10:45
01/12/2017 10:45,SM-G950F,70:4d:7b:0c:89:50,ter123,33.38237311,32.17023962,34.81260062,1,3.59606E-07,0.000137679,0.632757944,,70:4d:7b:0c:89:50,ter123,6,-69,32.17023926,34.81246294,34.01513105,01/12/2017 11:06
01/12/2017 10:50,Lenovo PB2-690Y,70:5a:0f:b2:64:cd,DIRECT-CC-HP DeskJet 4670 series,41.16949653,32.17241692,34.81321386,1,5.26946E-05,0.000340414,1.388550714,,70:5a:0f:b2:64:cd,DIRECT-CC-HP DeskJet 4670 series,6,-67,32.17246961,34.81287344,39.78094582,01/12/2017 11:04
01/12/2017 10:46,Lenovo PB2-690Y,74:44:01:39:09:86,Wifi,40,32.17226318,34.81420816,1,0,0,0,,74:44:01:39:09:86,Wifi,11,-93,32.17226318,34.81420816,40,01/12/2017 10:46
01/12/2017 10:43,Lenovo PB2-690Y,74:da:38:14:1f:8d,sellahome_2EX,44,32.17241727,34.81315388,1,0,0,0,,74:da:38:14:1f:8d,sellahome_2EX,9,-82,32.17241727,34.81315388,44,01/12/2017 10:43
01/12/2017 10:45,Lenovo PB2-690Y,74:da:38:14:4b:88,landau,35.82031749,32.16988656,34.81232499,1,1.02702E-10,1.93059E-09,1.0334E-09,,74:da:38:14:4b:88,landau,11,-81,32.16988656,34.81232499,35.82031749,01/12/2017 10:45
01/12/2017 11:05,SM-G950F,74:da:38:54:b8:1c,oved-main_2EX,40.95173659,32.16969384,34.81086099,1,1.5871E-09,8.66201E-10,4.1415E-09,,74:da:38:54:b8:1c,oved-main_2EX,6,-80,32.16969384,34.81086099,40.95173659,01/12/2017 11:05
01/12/2017 11:10,Lenovo PB2-690Y,74:da:38:6c:89:7b,Hetz2,29,32.17043936,34.81118089,1,0,0,0,,74:da:38:6c:89:7b,Hetz2,1,-83,32.17043936,34.81118089,29,01/12/2017 11:10
01/12/2017 10:51,Lenovo PB2-690Y,74:da:38:97:66:9d,oved-main_2EX,29.20725555,32.1698598,34.81090684,1,2.1069E-09,1.1104E-09,1.3882E-09,,74:da:38:97:66:9d,oved-main_2EX,6,-77,32.1698598,34.81090684,29.20725555,01/12/2017 10:51
01/12/2017 10:45,Lenovo PB2-690Y,74:da:38:a9:1c:df,  InnovationEndeavors,33.89694004,32.16987222,34.81191818,1,0.000212158,1.61077E-05,0.323123844,,74:da:38:a9:1c:df,  InnovationEndeavors,2,-83,32.16966006,34.81193429,34.22006388,01/12/2017 10:45
01/12/2017 10:44,SM-G950F,74:da:38:a9:24:17,edimax_2.4G_A92417,27.82938003,32.16930329,34.81071393,1,2.84601E-10,2.5822E-09,1.9627E-09,,74:da:38:a9:24:17,edimax_2.4G_A92417,3,-75,32.16930329,34.81071393,27.82938003,01/12/2017 10:44
01/12/2017 10:51,Lenovo PB2-690Y,74:da:38:a9:24:1c,edimax_5G_A9241C,30.53126681,32.16937131,34.81071844,1,6.57202E-10,8.40799E-10,7.797E-10,,74:da:38:a9:24:1c,edimax_5G_A9241C,40,-79,32.16937131,34.81071844,30.5312668,01/12/2017 10:52
01/12/2017 11:11,Lenovo PB2-690Y,74:da:38:b6:f3:7a,Floor 2,38,32.17146616,34.81290244,1,0,0,0,,74:da:38:b6:f3:7a,Floor 2,2,-94,32.17146616,34.81290244,38,01/12/2017 11:11
01/12/2017 10:55,SM-G950F,74:da:38:b6:f6:c9,Jamcandown,28.81036798,32.16917019,34.81066503,1,2.3013E-09,2.8851E-09,1.3401E-09,,74:da:38:b6:f6:c9,Jamcandown,4,-89,32.16917019,34.81066503,28.81036798,01/12/2017 10:55
01/12/2017 10:55,SM-G950F,74:da:38:c3:0d:6b,Jamcanup,28.81036798,32.16917019,34.81066503,1,2.3013E-09,2.8851E-09,1.3401E-09,,74:da:38:c3:0d:6b,Jamcanup,2,-87,32.16917019,34.81066503,28.81036798,01/12/2017 10:55
01/12/2017 10:51,SM-G950F,74:da:38:c3:12:45,Liliup,30.41870876,32.16949135,34.81077185,1,3.3735E-09,3.2265E-09,2.0817E-09,,74:da:38:c3:12:45,Liliup,2,-88,32.16949135,34.81077185,30.41870876,01/12/2017 10:51
01/12/2017 10:58,Lenovo PB2-690Y,74:da:38:c6:57:9b,edimax.setup,40,32.17027834,34.81274376,1,0,0,0,,74:da:38:c6:57:9b,edimax.setup,9,-71,32.17027834,34.81274376,40,01/12/2017 10:58
01/12/2017 10:55,SM-G950F,74:da:38:d3:bb:81,edimax_2.4G_ruty,28.77355504,32.16917019,34.81066503,1,2.3013E-09,2.8851E-09,3.0617E-09,,74:da:38:d3:bb:81,edimax_2.4G_ruty,2,-80,32.16917019,34.81066503,28.77355504,01/12/2017 10:55
01/12/2017 10:51,SM-G950F,74:da:39:54:b8:1d,oved-main,28.63350445,32.16954359,34.81078685,1,1.3777E-09,1.14696E-10,2.57003E-11,,74:da:39:54:b8:1d,oved-main,6,-64,32.16954359,34.81078685,28.63350445,01/12/2017 10:54
01/12/2017 10:44,Lenovo PB2-690Y,74:da:3a:97:66:9e,oved-main,37,32.16988722,34.81091198,1,0,0,0,,74:da:3a:97:66:9e,oved-main,6,-87,32.16988722,34.81091198,37,01/12/2017 10:44
01/12/2017 11:09,Lenovo PB2-690Y,7c:03:4c:ba:f5:5a,HOTBOX-1234,36,32.17237924,34.81348839,1,0,0,0,,7c:03:4c:ba:f5:5a,HOTBOX-1234,6,-75,32.17237924,34.81348839,36,01/12/2017 11:09
01/12/2017 10:51,SM-G950F,7c:03:4c:fe:f6:68,evanson,29.76306298,32.16935941,34.81072496,1,1.99149E-09,2.5478E-09,1.7855E-09,,7c:03:4c:fe:f6:68,evanson,1,-80,32.16935941,34.81072496,29.76306299,01/12/2017 10:54
01/12/2017 10:51,SM-G950F,7c:b7:33:2b:c4:52,spielman,29.92254867,32.16935941,34.81072496,1,1.99149E-09,2.5477E-09,2.711E-09,,7c:b7:33:2b:c4:52,spielman,1,-73,32.16935941,34.81072496,29.92254867,01/12/2017 10:53
01/12/2017 10:44,Lenovo PB2-690Y,7c:b7:33:97:35:f1,U2I8L1M0X42,47,32.17212193,34.81196568,1,0,0,0,,7c:b7:33:97:35:f1,U2I8L1M0X42,1,-73,32.17212193,34.81196568,47,01/12/2017 10:44
01/12/2017 10:44,SM-G950F,7c:b7:33:a1:7e:98,HOTFiber-A53E,35.26484815,32.17052072,34.81122065,1,5.01196E-10,1.03199E-10,1.09E-09,,7c:b7:33:a1:7e:98,HOTFiber-A53E,6,-79,32.17052072,34.81122065,35.26484815,01/12/2017 10:44
01/12/2017 10:58,Lenovo PB2-690Y,7c:b7:33:ea:b8:ff,yotam17,39,32.17110218,34.81293682,1,0,0,0,,7c:b7:33:ea:b8:ff,yotam17,10,-93,32.17110218,34.81293682,39,01/12/2017 10:58
01/12/2017 10:45,SM-G950F,80:1f:02:36:04:d0,arama,34.47197963,32.16974582,34.81240251,1,2.73999E-10,8.00505E-10,6.67981E-11,,80:1f:02:36:04:d0,arama,11,-67,32.16974582,34.81240251,34.47197963,01/12/2017 10:57
01/12/2017 10:44,Lenovo PB2-690Y,80:1f:02:a3:7d:62,Gil Kitchen,42.68390478,32.17226394,34.81206708,1,1.1626E-09,6.34707E-10,1.39541E-09,,80:1f:02:a3:7d:62,Gil Kitchen,6,-83,32.17226394,34.81206708,42.68390478,01/12/2017 11:04
01/12/2017 11:01,Lenovo PB2-690Y,80:1f:02:d4:9a:92,Ben-Eliyahu_PC,37,32.17230215,34.81400233,1,0,0,0,,80:1f:02:d4:9a:92,Ben-Eliyahu_PC,10,-92,32.17230215,34.81400233,37,01/12/2017 11:01
01/12/2017 10:43,SM-G950F,80:1f:02:e8:b9:cc,Eldad_2EX,37.1829653,32.1724899,34.81265197,1,4.623E-10,1.67319E-09,2.3505E-09,,80:1f:02:e8:b9:cc,Eldad_2EX,11,-81,32.1724899,34.81265197,37.1829653,01/12/2017 10:43
01/12/2017 10:43,SM-G950F,80:1f:02:f5:d8:e8,angela,17.18081812,32.17225202,34.81439189,1,4.76405E-10,1.3267E-09,3.7353E-09,,80:1f:02:f5:d8:e8,angela,1,-89,32.17225202,34.81439189,17.18081812,01/12/2017 10:43
01/12/2017 11:06,SM-G950F,80:26:89:0d:4f:84,DIR-825-4f83,34.73590686,32.17241544,34.81311204,1,4.05146E-06,2.81832E-05,3.06602227,,80:26:89:0d:4f:84,DIR-825-4f83,1,-57,32.17241949,34.81308385,31.66988459,01/12/2017 10:43
01/12/2017 11:00,Lenovo PB2-690Y,82:2a:a8:bf:93:e5,Home,36,32.16942426,34.81209986,1,0,0,0,,82:2a:a8:bf:93:e5,Home,1,-85,32.16942426,34.81209986,36,01/12/2017 11:00
01/12/2017 10:59,Lenovo PB2-690Y,82:2a:a8:bf:94:29,Home,38.49124723,32.16929825,34.81201573,1,7.07104E-10,2.15799E-10,2.00998E-10,,82:2a:a8:bf:94:29,Home,11,-70,32.16929825,34.81201573,38.49124723,01/12/2017 10:59
01/12/2017 10:44,SM-G950F,84:16:f9:d7:2c:3a,TP-LINK_2C3A,29.24753475,32.17094199,34.81148871,1,3.9984E-09,1.5202E-09,4.7197E-09,,84:16:f9:d7:2c:3a,TP-LINK_2C3A,1,-90,32.17094199,34.81148871,29.24753475,01/12/2017 10:44
01/12/2017 10:58,Lenovo PB2-690Y,84:16:f9:e4:e3:ca,TP-LINK_E3CA,34.71669677,32.17027312,34.81276274,1,1.5121E-09,3.60032E-11,1.35699E-10,,84:16:f9:e4:e3:ca,TP-LINK_E3CA,9,-77,32.17027312,34.81276274,34.71669677,01/12/2017 10:58
01/12/2017 11:05,SM-G950F,86:2a:a8:a1:a0:b5,Rozenkrants,41.15224303,32.16994496,34.81096824,1,3.21059E-09,4.0472E-09,6.52598E-10,,86:2a:a8:a1:a0:b5,Rozenkrants,1,-89,32.16994496,34.81096824,41.15224303,01/12/2017 11:05
01/12/2017 10:57,SM-G950F,86:2a:a8:eb:a9:60,Mheta_AP,27.21999505,32.16927107,34.81201045,1,2.4691E-09,1.97721E-09,2.5649E-09,,86:2a:a8:eb:a9:60,Mheta_AP,6,-90,32.16927107,34.81201045,27.21999505,01/12/2017 10:57
01/12/2017 11:04,SM-G950F,88:dc:96:3b:f5:e0,kenley-up,42.9234122,32.17244369,34.81206366,1,5.04301E-10,2.9548E-09,4.9905E-09,,88:dc:96:3b:f5:e0,kenley-up,6,-87,32.17244369,34.81206366,42.9234122,01/12/2017 11:04
01/12/2017 10:44,SM-G950F,8c:59:c3:ea:db:4a,Liza,31.11749984,32.17192567,34.81190477,1,1.0659E-09,5.75099E-10,1.2683E-09,,8c:59:c3:ea:db:4a,Liza,1,-78,32.17192567,34.81190477,31.11749984,01/12/2017 10:44
01/12/2017 11:05,SM-G950F,8c:59:c3:ea:db:4b,Liza,41.75368558,32.17177366,34.81183742,1,2.5445E-09,2.04004E-10,1.5994E-09,,8c:59:c3:ea:db:4b,Liza,36,-91,32.17177366,34.81183742,41.75368558,01/12/2017 11:05
01/12/2017 10:45,SM-G950F,8c:dc:d4:6a:a9:8a,HP-Print-8A-Deskjet 4640 series,36.16789165,32.17008736,34.81239475,1,5.57193E-10,9.98504E-10,6.02896E-10,,8c:dc:d4:6a:a9:8a,HP-Print-8A-Deskjet 4640 series,11,-84,32.17008736,34.81239475,36.16789165,01/12/2017 11:00
01/12/2017 10:58,Lenovo PB2-690Y,90:8d:78:54:22:a1,tal2,36.79893073,32.17109291,34.81311277,1,1.1545E-09,1.3082E-09,7.66406E-10,,90:8d:78:54:22:a1,tal2,60,-78,32.17109291,34.81311277,36.79893073,01/12/2017 10:59
01/12/2017 10:58,SM-G950F,90:8d:78:54:22:a2,tal,34.29731695,32.17109329,34.81310172,1,4.35418E-06,5.93736E-05,1.598528726,,90:8d:78:54:22:a2,tal,1,-79,32.17108894,34.81316109,32.69878822,01/12/2017 10:58
01/12/2017 10:57,Lenovo PB2-690Y,90:8d:78:54:d9:69,Ab,35,32.1696487,34.81343376,1,0,0,0,,90:8d:78:54:d9:69,Ab,10,-95,32.1696487,34.81343376,35,01/12/2017 10:57
01/12/2017 11:10,Lenovo PB2-690Y,90:8d:78:b6:28:f6,Talfamily2,32,32.16879785,34.81168165,1,0,0,0,,90:8d:78:b6:28:f6,Talfamily2,5,-62,32.16879785,34.81168165,32,01/12/2017 11:10
01/12/2017 11:05,SM-G950F,92:cd:b6:2b:e9:77,HP-Setup>77-M277 LaserJet,40.65000112,32.16881184,34.8117497,1,1.0459E-09,3.505E-09,1.7441E-09,,92:cd:b6:2b:e9:77,HP-Setup>77-M277 LaserJet,1,-87,32.16881184,34.8117497,40.65000112,01/12/2017 11:05
01/12/2017 10:59,Lenovo PB2-690Y,94:57:a5:4b:4f:41,DIRECT-1C-HP DeskJet 3830 series,35.77392635,32.16967168,34.81218519,1,1.69102E-10,6.56698E-10,2.09459E-09,,94:57:a5:4b:4f:41,DIRECT-1C-HP DeskJet 3830 series,6,-77,32.16967168,34.81218519,35.77392635,01/12/2017 10:59
01/12/2017 11:10,Lenovo PB2-690Y,98:e7:f4:0a:dd:86,DIRECT-85-HP OfficeJet Pro 6960,29,32.17043936,34.81118089,1,0,0,0,,98:e7:f4:0a:dd:86,DIRECT-85-HP OfficeJet Pro 6960,6,-89,32.17043936,34.81118089,29,01/12/2017 11:10
01/12/2017 10:44,Lenovo PB2-690Y,a0:4f:d4:42:ba:71,cactus,38,32.16872739,34.81060785,1,0,0,0,,a0:4f:d4:42:ba:71,cactus,1,-95,32.16872739,34.81060785,38,01/12/2017 10:44
01/12/2017 10:58,Lenovo PB2-690Y,a0:4f:d4:45:1f:a1,nurit,36.00481145,32.17108199,34.81320481,1,1.2907E-09,1.4625E-09,8.569E-10,,a0:4f:d4:45:1f:a1,nurit,1,-74,32.171082,34.81320481,36.00481145,01/12/2017 10:58
01/12/2017 10:51,Lenovo PB2-690Y,a0:8e:78:7f:2a:69,HOTBOX12,28,32.16983611,34.81088834,1,0,0,0,,a0:8e:78:7f:2a:69,HOTBOX12,1,-87,32.16983611,34.81088834,28,01/12/2017 10:51
01/12/2017 10:44,SM-G950F,a0:ab:1b:57:cd:42,Helen.,30.51766749,32.17223868,34.81202835,1,1.2142E-09,1.1683E-09,4.3733E-09,,a0:ab:1b:57:cd:42,Helen.,10,-74,32.17223868,34.81202835,30.51766749,01/12/2017 10:50
01/12/2017 10:43,SM-G950F,a0:ab:1b:5d:c2:60,urigil1,35.49585853,32.17241304,34.81208333,1,2.20111E-09,2.5704E-09,2.5432E-09,,a0:ab:1b:5d:c2:60,urigil1,10,-90,32.17241303,34.81208333,35.49585853,01/12/2017 10:43
01/12/2017 10:45,SM-G950F,a0:ab:1b:62:0d:fc,klaiman,30.94614471,32.17009116,34.81240289,1,6.90399E-10,1.5215E-09,5.41199E-10,,a0:ab:1b:62:0d:fc,klaiman,2,-78,32.17009116,34.81240289,30.94614471,01/12/2017 10:45
01/12/2017 10:43,Lenovo PB2-690Y,a4:2b:b0:ad:2d:34,lellouche,40.3739023,32.17236392,34.81360858,1,0,0,0,,a4:2b:b0:ad:2d:34,lellouche,5,-82,32.17236392,34.81360858,40.3739023,01/12/2017 11:01
01/12/2017 10:46,Lenovo PB2-690Y,a4:2b:b0:d4:55:36,Motti11,38.28686208,32.17101663,34.81293014,1,0,0,0,,a4:2b:b0:d4:55:36,Motti11,6,-74,32.17101663,34.81293014,38.28686208,01/12/2017 11:00
01/12/2017 10:59,Lenovo PB2-690Y,a4:2b:b0:d4:55:38,motti-5ghz,38,32.17074693,34.8126719,1,0,0,0,,a4:2b:b0:d4:55:38,motti-5ghz,40,-88,32.17074693,34.8126719,38,01/12/2017 10:59
01/12/2017 10:57,SM-G950F,a4:2b:b0:e0:3a:01,Fuck Off ext,27.21999505,32.16927107,34.81201045,1,2.4691E-09,1.97721E-09,2.5649E-09,,a4:2b:b0:e0:3a:01,Fuck Off ext,11,-80,32.16927107,34.81201045,27.21999505,01/12/2017 10:57
01/12/2017 10:59,Lenovo PB2-690Y,a8:c8:3a:35:b6:d4,Partner-4G-B6D4,43,32.17103853,34.81359455,1,0,0,0,,a8:c8:3a:35:b6:d4,Partner-4G-B6D4,1,-92,32.17103853,34.81359455,43,01/12/2017 10:59
01/12/2017 10:57,Lenovo PB2-690Y,aa:6b:ad:04:c6:a8,DIRECT-a8-HP M477 LaserJet,29.19300339,32.16881141,34.81059889,1,2.5795E-09,6.87898E-10,1.34801E-10,,aa:6b:ad:04:c6:a8,DIRECT-a8-HP M477 LaserJet,1,-91,32.16881141,34.81059889,29.19300339,01/12/2017 10:57
01/12/2017 10:51,Lenovo PB2-690Y,ac:f1:df:76:a0:9c,dlink-A09C,27.3128187,32.16939951,34.81073877,1,1.5968E-09,9.79199E-10,2.1781E-09,,ac:f1:df:76:a0:9c,dlink-A09C,11,-91,32.16939951,34.81073877,27.3128187,01/12/2017 10:51
01/12/2017 10:58,SM-G950F,b0:5a:da:fa:44:76,DIRECT-75-HP DeskJet 4670 series,29.96111745,32.17127494,34.81300613,1,1.7557E-09,1.9893E-09,1.1654E-09,,b0:5a:da:fa:44:76,DIRECT-75-HP DeskJet 4670 series,6,-85,32.17127495,34.81300613,29.96111745,01/12/2017 11:06
01/12/2017 11:11,Lenovo PB2-690Y,b0:b2:8f:01:ad:fe,Lahav,40.54761684,32.17233994,34.81375895,1,5.0061E-05,0.000282084,2.290244547,,b0:b2:8f:01:ad:fe,Lahav,11,-73,32.17239,34.81347687,38.2573723,01/12/2017 10:49
01/12/2017 11:05,SM-G950F,b0:b2:8f:1e:ea:68,HOTBOX-2E6E,40.54230602,32.16945778,34.81076505,1,1.24004E-10,2.8975E-09,2.8246E-09,,b0:b2:8f:1e:ea:68,HOTBOX-2E6E,11,-81,32.16945778,34.81076505,40.54230602,01/12/2017 11:05
01/12/2017 10:58,Lenovo PB2-690Y,b0:b2:8f:36:a2:b3,yotam17,34.24766031,32.17053789,34.81359888,1,5.06972E-11,1.3707E-09,1.4292E-09,,b0:b2:8f:36:a2:b3,yotam17,10,-91,32.17053789,34.81359888,34.24766032,01/12/2017 10:58
01/12/2017 10:57,SM-G950F,b4:ee:b4:36:dd:b9,HOTFiber-400D,26.96056003,32.1688377,34.81174537,1,9.80094E-10,2.8716E-09,2.7836E-09,,b4:ee:b4:36:dd:b9,HOTFiber-400D,6,-89,32.1688377,34.81174537,26.96056003,01/12/2017 10:57
01/12/2017 10:43,SM-G950F,b4:ee:b4:86:c0:f1,Efrat,10.58036115,32.17223802,34.81444473,1,4.34802E-10,4.9878E-09,2.98002E-11,,b4:ee:b4:86:c0:f1,Efrat,11,-74,32.17223802,34.81444473,10.58036115,01/12/2017 10:43
01/12/2017 10:45,Lenovo PB2-690Y,b4:ee:b4:a7:81:5c,HOTBOX-8156,32.78074215,32.16943847,34.81210568,1,7.88305E-10,2.10299E-10,8.91099E-10,,b4:ee:b4:a7:81:5c,HOTBOX-8156,1,-89,32.16943847,34.81210568,32.78074215,01/12/2017 10:57
01/12/2017 10:44,Lenovo PB2-690Y,c0:4a:00:f7:00:c1,Vision Public,38,32.16872739,34.81060785,1,0,0,0,,c0:4a:00:f7:00:c1,Vision Public,10,-89,32.16872739,34.81060785,38,01/12/2017 10:44
01/12/2017 10:44,Lenovo PB2-690Y,c0:a0:bb:cb:59:5b,BezeqNGN_001489_2.4GHz_1,33.3558576,32.16932024,34.8106989,1,1.0663E-09,1.3641E-09,2.60381E-09,,c0:a0:bb:cb:59:5b,BezeqNGN_001489_2.4GHz_1,1,-68,32.16932024,34.8106989,33.3558576,01/12/2017 10:54
01/12/2017 10:45,Lenovo PB2-690Y,c0:ac:54:f5:7d:bd,HOTBOX-2017,37.59003788,32.17114298,34.8128027,1,8.03684E-05,7.89902E-06,1.604918038,,c0:ac:54:f5:7d:bd,HOTBOX-2017,11,-72,32.17106261,34.8127948,39.19495592,01/12/2017 10:58
01/12/2017 10:42,SM-G950F,c0:ac:54:f5:b4:c9,HOTBOX-D88A,7.777438959,32.17224246,34.81444894,1,1.053E-09,1.8724E-09,1.65589E-10,,c0:ac:54:f5:b4:c9,HOTBOX-D88A,1,-92,32.17224246,34.81444894,7.777438959,01/12/2017 10:42
01/12/2017 10:44,SM-G950F,c0:ac:54:f5:b7:f2,donush,29.78929958,32.1713402,34.81169556,1,1.481E-09,2.7501E-09,3.4911E-09,,c0:ac:54:f5:b7:f2,donush,1,-87,32.1713402,34.81169556,29.78929958,01/12/2017 10:44
01/12/2017 10:57,SM-G950F,c0:ac:54:f6:ae:5e,HOTBOX111,26.89518462,32.16875525,34.8112991,1,3.4387E-09,9.06098E-10,9.89999E-11,,c0:ac:54:f6:ae:5e,HOTBOX111,11,-77,32.16875525,34.8112991,26.89518462,01/12/2017 10:57
01/12/2017 10:44,SM-G950F,c0:ac:54:f7:27:42,HOTBOX-2E6E,32.40766325,32.1698631,34.81091804,1,3.30999E-10,2.2842E-09,1.2725E-09,,c0:ac:54:f7:27:42,HOTBOX-2E6E,11,-89,32.1698631,34.81091804,32.40766325,01/12/2017 10:44
01/12/2017 10:58,Lenovo PB2-690Y,c0:ac:54:f7:3c:c2,HOTBOX111,34.77099906,32.17096476,34.81363052,1,3.65802E-10,2.2917E-09,5.098E-10,,c0:ac:54:f7:3c:c2,HOTBOX111,1,-87,32.17096476,34.81363052,34.77099906,01/12/2017 10:58
01/12/2017 10:58,Lenovo PB2-690Y,c0:ac:54:f7:42:60,HOTBOX,33.28004633,32.17084173,34.81364402,1,1.20004E-10,1.3544E-09,1.1836E-09,,c0:ac:54:f7:42:60,HOTBOX,1,-82,32.17084173,34.81364402,33.28004633,01/12/2017 10:58
01/12/2017 11:09,Lenovo PB2-690Y,c0:ac:54:f8:0c:ac,G10,30,32.17106538,34.81150977,1,0,0,0,,c0:ac:54:f8:0c:ac,G10,11,-94,32.17106538,34.81150977,30,01/12/2017 11:09
01/12/2017 10:51,Lenovo PB2-690Y,c0:ac:54:f8:6b:28,Li,27,32.16970224,34.81083489,1,0,0,0,,c0:ac:54:f8:6b:28,Li,1,-80,32.16970224,34.81083489,27,01/12/2017 10:51
01/12/2017 10:58,Lenovo PB2-690Y,c0:ac:54:f8:6c:8a,amnon,39.00748248,32.17061762,34.81359659,1,5.49797E-10,3.85498E-10,6.29299E-10,,c0:ac:54:f8:6c:8a,amnon,6,-78,32.17061762,34.81359659,39.00748248,01/12/2017 10:59
01/12/2017 10:57,Lenovo PB2-690Y,c0:ff:d4:7b:82:30,Candan,36.55083285,32.16925411,34.81198747,1,0.000430733,0.000903891,2.961810328,,c0:ff:d4:7b:82:30,Candan,1,-86,32.16882338,34.81108358,33.58902253,01/12/2017 10:59
01/12/2017 10:44,Lenovo PB2-690Y,c4:04:15:60:6a:b5,Ben Ami_2.4,40.13333016,32.17183565,34.81186446,1,1.2041E-09,1.1594E-09,8.49305E-10,,c4:04:15:60:6a:b5,Ben Ami_2.4,11,-73,32.17183565,34.81186446,40.13333016,01/12/2017 10:50
01/12/2017 11:09,Lenovo PB2-690Y,c4:04:15:60:6a:b6,BezeqNGN_10072E_5GHz_1,31,32.17180755,34.81183239,1,0,0,0,,c4:04:15:60:6a:b6,BezeqNGN_10072E_5GHz_1,48,-82,32.17180755,34.81183239,31,01/12/2017 11:09
01/12/2017 11:00,Lenovo PB2-690Y,c4:04:15:64:e8:cc,Gillad-1_2.4,37,32.17053537,34.81259485,1,0,0,0,,c4:04:15:64:e8:cc,Gillad-1_2.4,11,-77,32.17053537,34.81259485,37,01/12/2017 11:00
01/12/2017 11:05,Lenovo PB2-690Y,c4:12:f5:82:92:78,David,31,32.17063751,34.81125367,1,0,0,0,,c4:12:f5:82:92:78,David,9,-96,32.17063751,34.81125367,31,01/12/2017 11:05
01/12/2017 10:50,Lenovo PB2-690Y,c4:12:f5:85:27:c1,varda_HD,41,32.17226944,34.81201158,1,0,0,0,,c4:12:f5:85:27:c1,varda_HD,60,-88,32.17226944,34.81201158,41,01/12/2017 10:50
01/12/2017 10:44,SM-G950F,c4:12:f5:85:27:c2,varda,39.4815239,32.17216627,34.81202051,1,6.2358E-05,2.08556E-05,1.617137994,,c4:12:f5:85:27:c2,varda,1,-80,32.17222863,34.81204137,37.86438591,01/12/2017 11:04
01/12/2017 10:58,SM-G950F,c4:12:f5:f4:82:42,Beni,32.43137668,32.1706364,34.81360466,1,0.000199364,3.11497E-05,1.276386655,,c4:12:f5:f4:82:42,Beni,9,-71,32.17083576,34.81363581,33.70776333,01/12/2017 10:59
01/12/2017 10:51,SM-G950F,c4:12:f5:f9:5c:7c,Lili,35.90922172,32.16947314,34.81076816,1,1.6111E-09,3.048E-09,2.4846E-09,,c4:12:f5:f9:5c:7c,Lili,11,-79,32.16947314,34.81076816,35.90922173,01/12/2017 11:05
01/12/2017 10:44,SM-G950F,c4:12:f5:fb:c0:3e,mika1,30.39126342,32.17125359,34.81164528,1,6.85198E-10,3.4399E-09,3.1134E-09,,c4:12:f5:fb:c0:3e,mika1,1,-77,32.17125358,34.81164528,30.39126342,01/12/2017 10:50
01/12/2017 10:43,Lenovo PB2-690Y,c4:a8:1d:12:7d:4c,Orit,37.7904417,32.17230921,34.81389991,1,2.34999E-05,0.000158201,1.581851705,,c4:a8:1d:12:7d:4c,Orit,6,-57,32.17228571,34.81405812,36.20859,01/12/2017 11:07
01/12/2017 10:50,Lenovo PB2-690Y,c4:a8:1d:12:df:c5,maya salon,33.69111416,32.17129262,34.81224302,1,0,0,0,,c4:a8:1d:12:df:c5,maya salon,1,-89,32.17129262,34.81224302,33.69111416,01/12/2017 10:50
01/12/2017 10:50,Lenovo PB2-690Y,c4:a8:1d:13:2a:95,Eric 2.4,29,32.1699948,34.81094348,1,0,0,0,,c4:a8:1d:13:2a:95,Eric 2.4,1,-87,32.1699948,34.81094348,29,01/12/2017 10:50
01/12/2017 10:45,Lenovo PB2-690Y,c4:e9:84:83:1a:0a,sirocco_2.4o,33.22506665,32.17108293,34.81298255,1,2.0499E-09,2.3228E-09,1.3608E-09,,c4:e9:84:83:1a:0a,sirocco_2.4o,11,-79,32.17108294,34.81298256,33.22506665,01/12/2017 10:58
01/12/2017 10:44,SM-G950F,c8:d3:ff:57:60:f5,DIRECT-F4-HP DeskJet 3830 series,28.9722959,32.16879406,34.81060326,1,1.2668E-09,1.94198E-10,1.1679E-09,,c8:d3:ff:57:60:f5,DIRECT-F4-HP DeskJet 3830 series,1,-89,32.16879406,34.81060326,28.9722959,01/12/2017 10:44
01/12/2017 10:51,Lenovo PB2-690Y,c8:d7:19:d4:7c:73,forestisthebest,27,32.16937301,34.81072683,1,0,0,0,,c8:d7:19:d4:7c:73,forestisthebest,6,-93,32.16937301,34.81072683,27,01/12/2017 10:51
01/12/2017 10:52,Lenovo PB2-690Y,c8:d7:19:d4:7c:75,forestisthebest-guest,31,32.16936666,34.81070436,1,0,0,0,,c8:d7:19:d4:7c:75,forestisthebest-guest,6,-94,32.16936666,34.81070436,31,01/12/2017 10:52
01/12/2017 10:44,Lenovo PB2-690Y,c8:d7:19:da:03:16,forestisthebest,32.86412969,32.16926732,34.81068517,1,1.3463E-09,1.7222E-09,1.8859E-09,,c8:d7:19:da:03:16,forestisthebest,6,-54,32.16926732,34.81068517,32.86412969,01/12/2017 10:51
01/12/2017 10:44,Lenovo PB2-690Y,cc:16:7e:97:1d:92,KaymeraGuest,38,32.16872739,34.81060785,1,0,0,0,,cc:16:7e:97:1d:92,KaymeraGuest,1,-95,32.16872739,34.81060785,38,01/12/2017 10:44
01/12/2017 10:59,SM-G950F,cc:b2:55:67:2b:85,claire,29.9988896,32.17092411,34.81275919,1,8.34703E-10,4.1858E-09,4.9231E-09,,cc:b2:55:67:2b:85,claire,6,-90,32.17092411,34.81275919,29.9988896,01/12/2017 10:59
01/12/2017 10:43,SM-G950F,cc:b2:55:e8:4c:e6,INGENEO,31.97487659,32.1698965,34.8112183,1,0.000214812,0.000115977,0.863011826,,cc:b2:55:e8:4c:e6,INGENEO,6,-87,32.17011131,34.81133428,32.83788841,01/12/2017 10:44
01/12/2017 11:00,Lenovo PB2-690Y,d0:d4:12:5e:db:f2,Siemens,35.37451757,32.17040964,34.81253033,1,0,0,0,,d0:d4:12:5e:db:f2,Siemens,11,-82,32.17040964,34.81253033,35.37451757,01/12/2017 11:00
01/12/2017 10:58,Lenovo PB2-690Y,d0:d4:12:64:05:12,shmulik,36,32.17004926,34.81351135,1,0,0,0,,d0:d4:12:64:05:12,shmulik,11,-80,32.17004926,34.81351135,36,01/12/2017 10:58
01/12/2017 10:44,Lenovo PB2-690Y,d0:d4:12:65:19:a2,netbox,38,32.1692751,34.81066887,1,0,0,0,,d0:d4:12:65:19:a2,netbox,1,-96,32.1692751,34.81066887,38,01/12/2017 10:44
01/12/2017 10:59,Lenovo PB2-690Y,d4:6e:0e:3c:44:e1,SIEMENS_LivingRoom,34.90574763,32.1702032,34.81248448,1,1.5546E-09,5.89964E-11,1.2779E-09,,d4:6e:0e:3c:44:e1,SIEMENS_LivingRoom,1,-77,32.17020321,34.81248448,34.90574762,01/12/2017 10:59
01/12/2017 10:45,SM-G950F,d4:7b:b0:79:65:fc,landau,33.36689393,32.16997114,34.81231287,1,8.41098E-10,1.5072E-09,9.10106E-10,,d4:7b:b0:79:65:fc,landau,11,-89,32.16997114,34.81231287,33.36689392,01/12/2017 10:59
01/12/2017 10:58,Lenovo PB2-690Y,d8:5d:4c:d1:4d:b0,Yotam _ work _ room,33.91672108,32.17106811,34.81331975,1,3.20497E-10,1.55296E-10,1.97E-09,,d8:5d:4c:d1:4d:b0,Yotam _ work _ room,9,-68,32.17106811,34.81331975,33.91672107,01/12/2017 10:58
01/12/2017 10:50,Lenovo PB2-690Y,d8:5d:4c:d9:c4:68,shlomi,34.09463673,32.17042076,34.8111771,1,2.495E-10,1.5837E-09,1.564E-09,,d8:5d:4c:d9:c4:68,shlomi,1,-65,32.17042076,34.8111771,34.09463673,01/12/2017 11:05
01/12/2017 10:44,SM-G950F,d8:fb:5e:17:1b:d6,DAVID,35.00469476,32.17117651,34.8115941,1,1.2687E-09,2.0302E-09,2.407E-09,,d8:fb:5e:17:1b:d6,DAVID,11,-92,32.17117651,34.8115941,35.00469475,01/12/2017 10:44
01/12/2017 10:46,SM-G950F,d8:fb:5e:17:47:f8,sellahome,34.91531501,32.17241059,34.81325698,1,1.0745E-09,9.858E-10,1.20249E-09,,d8:fb:5e:17:47:f8,sellahome,9,-73,32.17241059,34.81325698,34.91531501,01/12/2017 10:46
01/12/2017 10:44,Lenovo PB2-690Y,d8:fb:5e:17:62:4d,HOTBOX12,37,32.16988722,34.81091198,1,0,0,0,,d8:fb:5e:17:62:4d,HOTBOX12,1,-87,32.16988722,34.81091198,37,01/12/2017 10:44
01/12/2017 10:45,SM-G950F,d8:fb:5e:17:62:f5,HOTBOX-62EF,35.73770467,32.17027117,34.81247279,1,9.96799E-10,1.201E-09,9.05096E-10,,d8:fb:5e:17:62:f5,HOTBOX-62EF,1,-80,32.17027117,34.81247279,35.73770467,01/12/2017 10:45
01/12/2017 10:57,Lenovo PB2-690Y,e0:ce:c3:23:12:30,HOTFiber arama,32,32.16957574,34.81265851,1,0,0,0,,e0:ce:c3:23:12:30,HOTFiber arama,1,-76,32.16957574,34.81265851,32,01/12/2017 10:57
01/12/2017 10:57,SM-G950F,e0:ce:c3:86:a7:9e,Talfamily,27.05751994,32.16889806,34.8118332,1,4.6228E-09,6.92403E-10,1.4604E-09,,e0:ce:c3:86:a7:9e,Talfamily,1,-80,32.16889806,34.8118332,27.05751994,01/12/2017 10:57
01/12/2017 11:10,Lenovo PB2-690Y,e0:ce:c3:8c:c1:94,HOTBOX-C18E,31,32.16968439,34.8121884,1,0,0,0,,e0:ce:c3:8c:c1:94,HOTBOX-C18E,1,-93,32.16968439,34.8121884,31,01/12/2017 11:10
01/12/2017 10:45,Lenovo PB2-690Y,e4:6f:13:71:f5:ce,RS_GUEST,39.96197119,32.16912788,34.81130887,1,4.98702E-10,1.69189E-09,9.058E-10,,e4:6f:13:71:f5:ce,RS_GUEST,9,-91,32.16912788,34.81130887,39.96197119,01/12/2017 11:05
01/12/2017 10:44,SM-G950F,e4:6f:13:73:0a:c2,simon,29.91112042,32.16880003,34.81084556,1,1.86416E-05,7.26188E-05,1.206699715,,e4:6f:13:73:0a:c2,simon,8,-79,32.16878139,34.81077294,31.11782014,01/12/2017 11:05
01/12/2017 10:44,SM-G950F,e4:d3:f1:9a:81:60,rdk,28.48330591,32.1705249,34.8112437,1,1.4111E-09,2.90299E-10,3.0688E-09,,e4:d3:f1:9a:81:60,rdk,13,-85,32.1705249,34.8112437,28.48330591,01/12/2017 10:44
01/12/2017 10:58,Lenovo PB2-690Y,e8:94:f6:e2:6e:4b,frank,32.2559721,32.17024184,34.8126417,1,1.716E-09,1.2139E-09,1.7823E-09,,e8:94:f6:e2:6e:4b,frank,6,-65,32.17024184,34.81264169,32.2559721,01/12/2017 11:00
01/12/2017 10:58,Lenovo PB2-690Y,e8:cc:18:ac:1a:52,Daizad,33.57258845,32.17035534,34.81357135,1,1.7297E-09,1.271E-09,1.2716E-09,,e8:cc:18:ac:1a:52,Daizad,7,-72,32.17035534,34.81357136,33.57258846,01/12/2017 10:58
01/12/2017 10:59,SM-G950F,e8:cc:18:ac:1b:e1,Daizad,29.09677085,32.17024205,34.81353312,1,1.3722E-09,1.74551E-09,1.6457E-09,,e8:cc:18:ac:1b:e1,Daizad,3,-90,32.17024205,34.81353312,29.09677085,01/12/2017 10:59
01/12/2017 11:01,Lenovo PB2-690Y,e8:d1:1b:72:74:81,HOTBOX-747B,39,32.1718612,34.81297848,1,0,0,0,,e8:d1:1b:72:74:81,HOTBOX-747B,1,-91,32.1718612,34.81297848,39,01/12/2017 11:01
01/12/2017 10:44,SM-G950F,ec:08:6b:38:0d:dc,RS_GUEST_5G,27.11526685,32.16882317,34.81054405,1,2.427E-09,3.72097E-10,2.2374E-09,,ec:08:6b:38:0d:dc,RS_GUEST_5G,44,-89,32.16882317,34.81054405,27.11526685,01/12/2017 10:44
01/12/2017 10:44,SM-G950F,ec:08:6b:38:0d:dd,RS_GUEST,33.73302561,32.16935204,34.81074403,1,2.30798E-10,2.1046E-09,1.4903E-09,,ec:08:6b:38:0d:dd,RS_GUEST,12,-85,32.16935204,34.81074404,33.7330256,01/12/2017 10:44
01/12/2017 10:45,Lenovo PB2-690Y,ec:8c:a2:08:a4:5c,LRWN,36,32.16877222,34.81164041,1,0,0,0,,ec:8c:a2:08:a4:5c,LRWN,52,-69,32.16877222,34.81164041,36,01/12/2017 10:45
01/12/2017 11:05,Lenovo PB2-690Y,ec:8c:a2:09:dd:48,LRWN,25.80862583,32.16883346,34.81174651,1,1.02657E-05,0.000157857,1.027386443,,ec:8c:a2:09:dd:48,LRWN,11,-59,32.1688232,34.81158865,26.83601228,01/12/2017 10:57
01/12/2017 10:45,SM-G950F,ec:8c:a2:09:dd:4c,LRWN,28.29109854,32.1688461,34.81178747,1,2.70251E-09,6.38991E-11,2.4455E-09,,ec:8c:a2:09:dd:4c,LRWN,44,-70,32.1688461,34.81178747,28.29109854,01/12/2017 10:45
01/12/2017 10:57,SM-G950F,ec:8e:b5:05:57:19,DIRECT-29-HP OfficeJet Pro 8710,27.26150168,32.16957209,34.81340832,1,1.85096E-10,1.6379E-09,8.38902E-10,,ec:8e:b5:05:57:19,DIRECT-29-HP OfficeJet Pro 8710,6,-91,32.16957209,34.81340832,27.26150168,01/12/2017 10:57
01/12/2017 10:44,Lenovo PB2-690Y,f4:f2:6d:34:56:54,spielman,33.32633777,32.16914551,34.81064296,1,3.01696E-10,1.6111E-09,1.638E-09,,f4:f2:6d:34:56:54,spielman,1,-77,32.16914551,34.81064297,33.32633777,01/12/2017 10:55
01/12/2017 11:09,Lenovo PB2-690Y,f4:f2:6d:5e:d0:48,alfa,32,32.17206721,34.81192728,1,0,0,0,,f4:f2:6d:5e:d0:48,alfa,11,-96,32.17206721,34.81192728,32,01/12/2017 11:09
01/12/2017 11:04,Lenovo PB2-690Y,f4:f2:6d:af:45:26,Basement,40.53385128,32.17231428,34.81391152,1,0,0,0,,f4:f2:6d:af:45:26,Basement,3,-87,32.17231428,34.81391152,40.53385128,01/12/2017 11:07
01/12/2017 10:57,Lenovo PB2-690Y,f8:ab:05:46:de:55,Levy,31,32.16876228,34.81066791,1,0,0,0,,f8:ab:05:46:de:55,Levy,10,-85,32.16876228,34.81066791,31,01/12/2017 10:57
01/12/2017 10:45,SM-G950F,f8:ab:05:e9:6d:3d,yotam17,34.33181348,32.17112535,34.81318734,1,6.97199E-10,9.80499E-10,1.2739E-09,,f8:ab:05:e9:6d:3d,yotam17,10,-75,32.17112535,34.81318734,34.33181348,01/12/2017 10:58
01/12/2017 10:56,SM-G950F,f8:d1:11:b1:92:93,iFOREX,27.56438271,32.16888141,34.81057059,1,3.8509E-09,2.8346E-09,2.8673E-09,,f8:d1:11:b1:92:93,iFOREX,6,-91,32.16888141,34.81057059,27.56438271,01/12/2017 10:56
01/12/2017 10:45,Lenovo PB2-690Y,f8:d1:11:b8:3b:7e,Mehta_Up,37.97579004,32.16955876,34.81216375,1,0,0,0,,f8:d1:11:b8:3b:7e,Mehta_Up,6,-86,32.16955876,34.81216375,37.97579004,01/12/2017 11:00
01/12/2017 11:09,Lenovo PB2-690Y,f8:d1:11:ce:e5:e6,TP-LINK-BET,30,32.17106538,34.81150977,1,0,0,0,,f8:d1:11:ce:e5:e6,TP-LINK-BET,4,-96,32.17106538,34.81150977,30,01/12/2017 11:09
01/12/2017 11:05,Lenovo PB2-690Y,fa:8f:ca:35:6e:e9,,25,32.16991824,34.81090236,1,0,0,0,,fa:8f:ca:35:6e:e9, ,1,-86,32.16991824,34.81090236,25,01/12/2017 11:05
01/12/2017 10:44,SM-G950F,fc:15:b4:65:09:20,HP-Print-20-Deskjet 4640 series,32.80783563,32.1698652,34.81091751,1,3.02194E-10,2.0851E-09,1.1616E-09,,fc:15:b4:65:09:20,HP-Print-20-Deskjet 4640 series,1,-83,32.1698652,34.81091751,32.80783563,01/12/2017 10:44
01/12/2017 10:58,Lenovo PB2-690Y,fc:75:16:2e:5a:47,My_Internet,35.26908444,32.1709714,34.81349602,1,2.62595E-10,1.0402E-09,4.67963E-11,,fc:75:16:2e:5a:47,My_Internet,10,-77,32.1709714,34.81349602,35.26908444,01/12/2017 10:58
01/12/2017 10:50,Lenovo PB2-690Y,fc:75:16:55:27:fa,BS-WIFI-4EVER,42,32.17250306,34.81263803,1,0,0,0,,fc:75:16:55:27:fa,BS-WIFI-4EVER,6,-94,32.17250306,34.81263803,42,01/12/2017 10:50
01/12/2017 11:04,SM-G950F,fc:b4:e6:d2:86:9e,Lahav,46.7222322,32.17230692,34.81390382,1,3.4467E-09,3.965E-09,4.5772E-09,,fc:b4:e6:d2:86:9e,Lahav,11,-81,32.17230692,34.81390382,46.7222322,01/12/2017 11:04
01/12/2017 10:50,Lenovo PB2-690Y,08:97:58:32:d2:98,NIPPON_3687,37.38346459,32.17251791,34.8124315,0,32.17251791,34.8124315,37.38346459,,,,,,,,,
01/12/2017 10:45,Lenovo PB2-690Y,14:ae:db:b0:67:dd,DR_SHOHER_1,41,32.16994827,34.81233913,0,32.16994827,34.81233913,41,,,,,,,,,
01/12/2017 11:11,Lenovo PB2-690Y,c0:ac:54:f5:7d:bd,HOTBOX-2017,37,32.1710117,34.81277801,0,32.1710117,34.81277801,37,,,,,,,,,
