FirstSeen,Id,CurrentLantitude,CurrentLongitude,AltitudeMeters,#OfWifiNetworks,SSID,MAC,Channel,RSSI,SSID2,MAC2,Channel2,RSSI2,SSID3,MAC3,Channel3,RSSI3,SSID4,MAC4,Channel4,RSSI4,SSID5,MAC5,Channel5,RSSI5,SSID6,MAC6,Channel6,RSSI6,SSID7,MAC7,Channel7,RSSI7,SSID8,MAC8,Channel8,RSSI8,SSID9,MAC9,Channel9,RSSI9,SSID10,MAC10,Channel10,RSSI10
2017-12-01 10:42:54,SM-G950F,32.17224246105308,34.8144489381276,7.777438959165592,1,HOTBOX-D88A,c0:ac:54:f5:b4:c9,1,-92
2017-12-01 10:43:00,SM-G950F,32.172238019565235,34.81444473498782,10.580361150029846,1,Efrat,b4:ee:b4:86:c0:f1,11,-74
2017-12-01 10:43:06,SM-G950F,32.172252019523675,34.814391891326764,17.18081811626479,1,angela,80:1f:02:f5:d8:e8,1,-89
2017-12-01 10:43:18,SM-G950F,32.172265215924426,34.81421445142988,22.818991521293682,1,KarvatB0.5,14:ae:db:cc:ed:6d,48,-89
2017-12-01 10:43:29,SM-G950F,32.1723485161587,34.81363858823374,24.55807198020147,1,Bezeq Free GA32E3,52:b0:ce:ac:32:98,1,-80
2017-12-01 10:43:33,SM-G950F,32.17238058500455,34.81341290942063,25.130925493340825,1,dobry2016,6c:b0:ce:ac:32:9b,1,-69
2017-12-01 10:43:37,SM-G950F,32.17241155333384,34.81318688512261,25.941801984532795,1,DIR-825-4f83,80:26:89:0d:4f:84,1,-66
2017-12-01 10:43:41,SM-G950F,32.17244042298214,34.81295646141121,26.35851917429424,1,DIR-825-4f83,80:26:89:0d:4f:84,1,-57
2017-12-01 10:43:45,SM-G950F,32.17248344093608,34.81270507338805,27.122038414759338,2,ELDAD,10:0d:7f:80:17:80,11,-78,Eldad_2EX,80:1f:02:e8:b9:cc,11,-82
2017-12-01 10:43:57,SM-G950F,32.17240151409594,34.812091884783165,29.035709105267408,2,urigil1,a0:ab:1b:5d:c2:60,10,-90,INGENEO,cc:b2:55:e8:4c:e6,6,-91
2017-12-01 10:44:01,SM-G950F,32.17217553070084,34.81201239183262,29.32418162501339,2,Helen.,a0:ab:1b:57:cd:42,10,-79,U2I8L1M0X42,54:64:d9:66:29:ef,11,-85
2017-12-01 10:44:05,SM-G950F,32.17188758190333,34.81190851897319,29.638531482264742,1,Liza,8c:59:c3:ea:db:4a,1,-78
2017-12-01 10:44:11,SM-G950F,32.17149430101505,34.811757862271804,29.890260289021505,1,varda,c4:12:f5:85:27:c2,1,-87
2017-12-01 10:44:14,SM-G950F,32.17134020148104,34.81169555724996,29.78929958349117,2,mika1,c4:12:f5:fb:c0:3e,1,-82,donush,c0:ac:54:f5:b7:f2,1,-87
2017-12-01 10:44:18,SM-G950F,32.17113909756608,34.811594706105254,29.498589764617535,1,DAVID,d8:fb:5e:17:1b:d6,11,-92
2017-12-01 10:44:22,SM-G950F,32.17094198600168,34.81148871152029,29.247534754719787,2,home,00:13:d4:0f:f3:ba,1,-83,TP-LINK_2C3A,84:16:f9:d7:2c:3a,1,-90
2017-12-01 10:44:26,SM-G950F,32.17073022335429,34.81136052218762,28.851810564672878,1,home,00:13:d4:0f:f3:ba,1,-77
2017-12-01 10:44:30,SM-G950F,32.17052489858893,34.811243700290355,28.48330590693121,5,HOTFiber-A53E,7c:b7:33:a1:7e:98,6,-80,rdk,e4:d3:f1:9a:81:60,13,-85,RDK,58:b6:33:34:81:a8,1,-85,RDK,58:b6:33:34:ae:f8,11,-85,dlink,40:9b:cd:11:2f:88,44,-92
2017-12-01 10:44:38,SM-G950F,32.17005047256307,34.811007615648165,28.289290688769423,1,Neeman2.4_5,20:0c:c8:1d:c8:2c,60,-89
2017-12-01 10:44:41,SM-G950F,32.16984101063408,34.8109235856239,28.201870747562097,2,HP-Print-20-Deskjet 4640 series,fc:15:b4:65:09:20,1,-87,HOTBOX-2E6E,c0:ac:54:f7:27:42,11,-89
2017-12-01 10:44:49,SM-G950F,32.16930328971546,34.81071393258221,27.82938002803731,1,edimax_2.4G_A92417,74:da:38:a9:24:17,3,-75
2017-12-01 10:44:57,SM-G950F,32.168823167573045,34.810544049627936,27.11526685223747,6,RS_GUEST,ec:08:6b:38:0d:dd,12,-85,RS_GUEST_5G,ec:08:6b:38:0d:dc,44,-89,DIRECT-F4-HP DeskJet 3830 series,c8:d3:ff:57:60:f5,1,-89,simon,e4:6f:13:73:0a:c2,8,-89,HTC,06:c2:3e:e4:21:85,4,-89,KaymeraDev,00:f6:63:15:58:8e,36,-92
2017-12-01 10:45:01,SM-G950F,32.168721003548164,34.81072410830097,27.618449512847366,1,LRWN,0c:f4:d5:29:a2:9c,36,-91
2017-12-01 10:45:13,SM-G950F,32.168846097297546,34.811787470063976,28.29109853755457,4,LRWN,ec:8c:a2:09:dd:4c,44,-70,LRWN,0c:f4:d5:29:a2:9c,36,-76,HOTFiber-400D,40:65:a3:2b:62:22,6,-88,HOTFiber-400D,40:65:a3:2b:62:0e,6,-89
2017-12-01 10:45:25,SM-G950F,32.169545831397976,34.81214324467331,26.834423759379202,1,nina,20:0c:c8:2b:2a:14,11,-68
2017-12-01 10:45:29,SM-G950F,32.16978401146249,34.81225704427234,26.41969286035642,4,arama,80:1f:02:36:04:d0,11,-81,hilda,00:30:4f:91:36:07,6,-89,Astra,00:21:63:4d:73:31,6,-92,BezeqFree,5a:ab:1b:62:0d:fd,2,-93
2017-12-01 10:45:33,SM-G950F,32.1700244717399,34.8123593768823,26.279075491882708,3,UFI_UF230_B3F,00:0b:6c:4d:1b:3f,6,-83,HP-Print-8A-Deskjet 4640 series,8c:dc:d4:6a:a9:8a,11,-89,landau,d4:7b:b0:79:65:fc,11,-92
2017-12-01 10:45:37,SM-G950F,32.170257763614224,34.81246926564551,26.042709343281796,3,ter123,70:4d:7b:0c:89:50,6,-72,klaiman,a0:ab:1b:62:0d:fc,2,-78,HOTBOX-62EF,d8:fb:5e:17:62:f5,1,-80
2017-12-01 10:45:41,SM-G950F,32.17050972538356,34.81258190129876,26.066423141730525,1,UFI_UF230_B3F,00:0b:6c:4d:1b:3f,6,-70
2017-12-01 10:45:45,SM-G950F,32.17075992790425,34.81269650889793,25.95824106504077,1,Oded 2.4Ghz,00:12:2a:e1:6c:48,11,-83
2017-12-01 10:45:49,SM-G950F,32.17100836271353,34.81281338424775,25.5806087173453,1,Oded 5Ghz,00:12:2a:e1:6c:4c,48,-84
2017-12-01 10:45:53,SM-G950F,32.17125707817382,34.81291128023999,25.509189468691844,1,yotam17,f8:ab:05:e9:6d:3d,10,-85
2017-12-01 10:46:04,SM-G950F,32.17198534972246,34.81299603716402,26.593085271027938,1,SHAHAF2.4,20:0c:c8:0a:ef:2a,11,-82
2017-12-01 10:46:07,SM-G950F,32.172152473716416,34.81301798358491,26.289785056235647,1,Oded 5Ghz,00:12:2a:e1:6c:4c,48,-89
2017-12-01 10:46:13,SM-G950F,32.172434684187074,34.813112686158654,26.95797609468581,1,sellahome,d8:fb:5e:17:47:f8,9,-73
2017-12-01 10:46:28,SM-G950F,32.172328818282836,34.81401199636586,28.284107087616025,1,DIR-825-4f83,80:26:89:0d:4f:84,1,-88
2017-12-01 10:49:08,SM-G950F,32.17218268216534,34.81446401702757,13.65040888895076,1,Efrat,40:65:a3:35:4c:c4,1,-75
2017-12-01 10:49:14,SM-G950F,32.172209259560766,34.814448298318844,15.376435938028056,1,Volvo247,08:97:58:32:69:c6,4,-81
2017-12-01 10:49:29,SM-G950F,32.172250875103074,34.81436692415887,25.869143128974688,1,love,14:ae:db:58:73:75,1,-78
2017-12-01 10:49:44,SM-G950F,32.17228483399432,34.814036899369874,30.59005383029067,1,Chakir,00:12:2a:35:c8:7c,1,-86
2017-12-01 10:49:47,SM-G950F,32.17230733807558,34.81387685906902,30.93962047051264,1,Orit,c4:a8:1d:12:7d:4c,6,-69
2017-12-01 10:49:56,SM-G950F,32.172382685741084,34.81336124587249,31.34185373223523,1,Mevohot_1,20:0c:c8:1b:a2:48,6,-70
2017-12-01 10:50:05,SM-G950F,32.17244003231061,34.81291470608912,31.60427366454716,2,DIR-825-4f83,80:26:89:0d:4f:84,1,-68,DIR-825-4f83,80:26:89:0d:4f:84,1,-77
2017-12-01 10:50:08,SM-G950F,32.17248382374769,34.812693847413286,31.655143780144986,1,NIPPON_3687,08:97:58:32:d2:98,2,-88
2017-12-01 10:50:11,SM-G950F,32.1725225188478,34.81247911919242,31.65132309930995,2,NIPPON_3687,08:97:58:32:d2:98,2,-80,Hotbox,00:78:9e:f9:e8:58,11,-91
2017-12-01 10:50:14,SM-G950F,32.17254564957508,34.81226897382831,31.618010387253292,1,varda,c4:12:f5:85:27:c2,1,-86
2017-12-01 10:50:20,SM-G950F,32.17229408710547,34.812042356198646,31.564860016164797,1,Helen.,a0:ab:1b:57:cd:42,10,-74
2017-12-01 10:50:29,SM-G950F,32.171728186062275,34.8118405837912,31.30445033277722,1,Ben Ami_2.4,c4:04:15:60:6a:b5,11,-73
2017-12-01 10:50:32,SM-G950F,32.17154067297358,34.811768201385796,31.186797226280795,1,varda,c4:12:f5:85:27:c2,1,-88
2017-12-01 10:50:35,SM-G950F,32.17135803478369,34.81168874408503,31.090525572576986,1,ronkla2_5,3c:1e:04:07:2a:ff,48,-85
2017-12-01 10:50:38,SM-G950F,32.17117720998362,34.811600945951724,30.92205515278031,1,mika1,c4:12:f5:fb:c0:3e,1,-77
2017-12-01 10:50:47,SM-G950F,32.17061250500982,34.81130191879183,30.49189808903073,1,Gana7_2GExt,64:d9:54:e4:95:37,5,-88
2017-12-01 10:50:50,SM-G950F,32.1704220061369,34.811205413681165,30.648087593734658,1,Guymic,14:ae:db:b7:99:2d,6,-78
2017-12-01 10:50:53,SM-G950F,32.17023774400125,34.811098338566204,30.62847275857126,1,stephane,00:24:2b:cf:13:21,1,-82
2017-12-01 10:50:56,SM-G950F,32.170053389171805,34.81099874038432,30.62659341727973,2,devolo-0f4,30:d3:2d:37:20:f4,6,-80,HOTBOX-4D4E,00:78:9e:fb:1e:09,1,-91
2017-12-01 10:50:59,SM-G950F,32.16988410573102,34.81092582224991,30.446072012812692,2,Neeman2.4,20:0c:c8:1d:c8:2b,1,-78,oved-main_2EX,74:da:38:97:66:9d,6,-78
2017-12-01 10:51:02,SM-G950F,32.169728418133815,34.810858045280845,30.475360437267003,1,oved-main,74:da:39:54:b8:1d,6,-83
2017-12-01 10:51:08,SM-G950F,32.169491346626565,34.81077184677352,30.418708757918328,5,Lili,c4:12:f5:f9:5c:7c,11,-86,Liliup,74:da:38:c3:12:45,2,-88,ELCHARAR_2.4,20:0c:c8:0f:21:93,1,-89,Alpha125,10:fe:ed:74:fc:46,1,-90,Bezeq Free T00C36,5a:0c:c8:0f:21:90,1,-92
2017-12-01 10:51:11,SM-G950F,32.16939849690679,34.81074036189685,30.417555185780614,1,dlink-A09C,ac:f1:df:76:a0:9c,11,-91
2017-12-01 10:51:14,SM-G950F,32.16935940800852,34.81072496254775,30.408083632363006,1,edimax_5G_A9241C,74:da:38:a9:24:1c,40,-82
2017-12-01 10:51:20,SM-G950F,32.16935940800852,34.81072496254775,30.410277054761934,1,spielman,7c:b7:33:2b:c4:52,1,-81
2017-12-01 10:51:26,SM-G950F,32.16935940800852,34.81072496254775,30.402558717210276,1,forestisthebest,c8:d7:19:da:03:16,6,-54
2017-12-01 10:51:56,SM-G950F,32.16935940800852,34.81072496254775,30.282964951541523,1,evanson,7c:03:4c:fe:f6:68,1,-93
2017-12-01 10:53:11,SM-G950F,32.16935940800852,34.81072496254775,29.810774319909903,1,KaymeraDev,00:f6:63:15:58:81,1,-84
2017-12-01 10:53:44,SM-G950F,32.16935940800852,34.81072496254775,29.548431945777384,1,KaymeraDev,00:f6:63:15:58:81,1,-78
2017-12-01 10:53:47,SM-G950F,32.16935940800852,34.81072496254775,29.526404101045063,1,spielman,7c:b7:33:2b:c4:52,1,-73
2017-12-01 10:54:11,SM-G950F,32.16935940800852,34.81072496254775,29.378351155752636,1,evanson,7c:03:4c:fe:f6:68,1,-80
2017-12-01 10:54:23,SM-G950F,32.16935940800852,34.81072496254775,29.326111975136897,1,BezeqNGN_001489_2.4GHz_1,c0:a0:bb:cb:59:5b,1,-68
2017-12-01 10:54:41,SM-G950F,32.16935940800852,34.81072496254775,29.2667725415671,1,oved-main,74:da:39:54:b8:1d,6,-64
2017-12-01 10:55:47,SM-G950F,32.169212309411726,34.81068174685835,28.886321206805917,1,spielman,f4:f2:6d:34:56:54,1,-77
2017-12-01 10:55:50,SM-G950F,32.16917019230133,34.8106650271149,28.810367981340118,2,Jamcanup,74:da:38:c3:0d:6b,2,-87,Jamcandown,74:da:38:b6:f6:c9,4,-89
2017-12-01 10:55:56,SM-G950F,32.16917019230133,34.8106650271149,28.77355504306178,2,edimax_2.4G_ruty,74:da:38:d3:bb:81,2,-80,HP-Print-C1-Deskjet 4640 series,28:80:23:f6:e0:c1,11,-86
2017-12-01 10:56:55,SM-G950F,32.169012321650136,34.810619520712386,28.06850525498688,1,HP-Print-C1-Deskjet 4640 series,28:80:23:f6:e0:c1,11,-81
2017-12-01 10:56:58,SM-G950F,32.168881406149175,34.81057058716543,27.5643827071327,1,iFOREX,f8:d1:11:b1:92:93,6,-91
2017-12-01 10:57:02,SM-G950F,32.16878253500298,34.81061687133246,27.49950646026102,3,Candan,c0:ff:d4:7b:82:30,1,-89,INGENEO,cc:b2:55:e8:4c:e6,6,-91,DIRECT-a8-HP M477 LaserJet,aa:6b:ad:04:c6:a8,1,-91
2017-12-01 10:57:05,SM-G950F,32.168750227662805,34.81078259065756,27.14415548219039,1,LRWN,ec:8c:a2:09:dd:48,11,-91
2017-12-01 10:57:11,SM-G950F,32.16875525343879,34.81129910090613,26.895184619901016,1,HOTBOX111,c0:ac:54:f6:ae:5e,11,-77
2017-12-01 10:57:14,SM-G950F,32.16878953124043,34.81154567298425,26.885456221515238,1,LRWN,ec:8c:a2:09:dd:48,11,-86
2017-12-01 10:57:17,SM-G950F,32.16883769901991,34.81174537287164,26.96056003278366,3,LRWN,ec:8c:a2:09:dd:48,11,-74,  InnovationEndeavors,74:da:38:a9:1c:df,2,-88,HOTFiber-400D,b4:ee:b4:36:dd:b9,6,-89
2017-12-01 10:57:19,SM-G950F,32.16889805537721,34.81183319930766,27.057519941460445,2,LRWN,0c:f4:d5:29:a2:9c,36,-68,Talfamily,e0:ce:c3:86:a7:9e,1,-80
2017-12-01 10:57:23,SM-G950F,32.16909112707448,34.81193255078027,27.16529272330712,1,HOTBOX-8156,b4:ee:b4:a7:81:5c,1,-89
2017-12-01 10:57:26,SM-G950F,32.16927107246911,34.81201044802282,27.21999505256496,3,Fuck Off Yourself,16:ae:db:c1:ae:55,9,-79,Fuck Off ext,a4:2b:b0:e0:3a:01,11,-80,Mheta_AP,86:2a:a8:eb:a9:60,6,-90
2017-12-01 10:57:29,SM-G950F,32.16943682725201,34.81208525807686,27.286889233099085,2,ELCHARAR_2.4,20:0c:c8:0f:21:93,1,-90,Bezeq Free T00C36,5a:0c:c8:0f:21:90,1,-90
2017-12-01 10:57:50,SM-G950F,32.16955478439471,34.81323889640528,27.210830449251343,1,nina,20:0c:c8:2b:2a:14,11,-91
2017-12-01 10:57:53,SM-G950F,32.1695720901851,34.813408321637986,27.26150168083893,2,hilda,00:30:4f:91:36:07,6,-71,DIRECT-29-HP OfficeJet Pro 8710,ec:8e:b5:05:57:19,6,-91
2017-12-01 10:57:56,SM-G950F,32.1697212488476,34.81347187978352,27.703358675305417,1,Candan,c0:ff:d4:7b:82:30,1,-89
2017-12-01 10:58:02,SM-G950F,32.17010132675571,34.813514176763185,29.07004588283799,3,dlink,00:24:01:18:99:57,6,-67,orange,00:21:04:e7:95:da,1,-90,Bezeq Free,62:19:8f:46:9f:bf,6,-94
2017-12-01 10:58:05,SM-G950F,32.17025406565039,34.813537076757704,29.467349061309914,1,orange,00:21:04:e7:95:da,1,-74
2017-12-01 10:58:08,SM-G950F,32.17042884309843,34.81356387819144,29.626149949895638,2,HOTBOX-F028,18:1e:78:86:03:15,1,-76,HOTBOX-F028,00:78:9e:fa:6f:c3,1,-80
2017-12-01 10:58:11,SM-G950F,32.17061830172761,34.813595071211296,29.523181901977164,4,amnon,c0:ac:54:f8:6c:8a,6,-85,Is,16:0c:c3:ee:27:39,6,-88,My_Internet,fc:75:16:2e:5a:47,10,-90,Beni,c4:12:f5:f4:82:42,9,-91
2017-12-01 10:58:14,SM-G950F,32.17081392063111,34.81363414318978,29.098105928258406,2,Beni,c4:12:f5:f4:82:42,9,-82,HOTBOX,c0:ac:54:f7:42:60,1,-90
2017-12-01 10:58:17,SM-G950F,32.17098714928447,34.81362985551846,28.81880764900309,1,HOTBOX111,c0:ac:54:f7:3c:c2,1,-87
2017-12-01 10:58:20,SM-G950F,32.17106789784238,34.81350325265134,28.866614638393763,3,My_Internet,fc:75:16:2e:5a:47,10,-77,MNP_HOME_2.4GHz_1,04:a1:51:e0:5f:ee,6,-85,test012,00:12:2a:d2:0c:38,1,-88
2017-12-01 10:58:23,SM-G950F,32.17107862941617,34.81330158971711,28.915995433589472,2,Yotam _ work _ room,d8:5d:4c:d1:4d:b0,9,-68,tal,90:8d:78:54:22:a2,1,-87
2017-12-01 10:58:26,SM-G950F,32.17110086640514,34.813083395926654,28.87277115238635,7,nurit,a0:4f:d4:45:1f:a1,1,-78,sirocco_2.4o,c4:e9:84:83:1a:0a,11,-79,tal,90:8d:78:54:22:a2,1,-79,044870715,14:ae:db:b7:ab:ad,6,-81,tal2,90:8d:78:54:22:a1,60,-84,sirocco_2.4o,14:cc:20:09:3c:b9,11,-86,DIRECT-75-HP DeskJet 4670 series,b0:5a:da:fa:44:76,6,-87
2017-12-01 10:58:32,SM-G950F,32.17104344764023,34.812838021973164,29.194668220647973,2,DIR-825-4f83,80:26:89:0d:4f:84,1,-86,Oded 5Ghz,00:12:2a:e1:6c:4c,48,-90
2017-12-01 10:58:38,SM-G950F,32.17070417266147,34.81268528377859,29.694922823032826,2,Oded 2.4Ghz,00:12:2a:e1:6c:48,11,-69,Oded 5Ghz,00:12:2a:e1:6c:4c,48,-84
2017-12-01 10:58:47,SM-G950F,32.17028599663912,34.812613739872425,28.98665425276264,1,SIEMENS_LivingRoom,d4:6e:0e:3c:44:e1,1,-83
2017-12-01 10:58:50,SM-G950F,32.17026748685567,34.81278321992516,29.0136877102822,2,frank,e8:94:f6:e2:6e:4b,6,-71,TP-LINK_E3CA,84:16:f9:e4:e3:ca,9,-80
2017-12-01 10:59:02,SM-G950F,32.17024204862788,34.813533118254576,29.09677084835438,2,ter123,70:4d:7b:0c:89:50,6,-88,Daizad,e8:cc:18:ac:1b:e1,3,-90
2017-12-01 10:59:05,SM-G950F,32.170307583918806,34.81358034712056,29.23477071711897,1,Daizad,e8:cc:18:ac:1a:52,7,-81
2017-12-01 10:59:08,SM-G950F,32.17050412989869,34.813608312741444,29.49532062714165,1,yotam17,b0:b2:8f:36:a2:b3,10,-91
2017-12-01 10:59:14,SM-G950F,32.17094894909989,34.81367243117691,29.871227188060253,3,Beni,c4:12:f5:f4:82:42,9,-71,HOTBOX,c0:ac:54:f7:42:60,1,-84,Baruch_2.4,10:5a:f7:08:27:71,6,-90
2017-12-01 10:59:20,SM-G950F,32.1711226542225,34.81334830357392,30.374327846195634,2,yotam17,f8:ab:05:e9:6d:3d,10,-78,Yotam_Shir,00:26:5a:24:f4:f0,8,-87
2017-12-01 10:59:32,SM-G950F,32.17092410916535,34.81275918581424,29.998889595076953,2,claire,cc:b2:55:67:2b:85,6,-90,Bezeq Free 672B84,62:b2:55:67:2b:86,6,-92
2017-12-01 10:59:41,SM-G950F,32.170302961492325,34.81249258786661,30.932706346899515,1,ter123,70:4d:7b:0c:89:50,6,-83
2017-12-01 10:59:44,SM-G950F,32.17009177038523,34.8123924291015,30.961174799733378,2,BezeqFree,5a:ab:1b:62:0d:fd,2,-85,geller,00:78:9e:fa:3b:62,11,-90
2017-12-01 10:59:50,SM-G950F,32.16964553962474,34.812198841457004,30.62408958535301,2,nina,20:0c:c8:2b:2a:14,11,-76,DIRECT-1C-HP DeskJet 3830 series,94:57:a5:4b:4f:41,6,-85
2017-12-01 10:59:53,SM-G950F,32.169423702689954,34.81210224701049,30.46032095326754,2,UFI_UF230_B3F,00:0b:6c:4d:1b:3f,6,-88,hot,00:1c:10:09:4f:bc,3,-90
2017-12-01 10:59:56,SM-G950F,32.16921657591955,34.8119993015223,30.246080183177583,2,WR,00:30:4f:82:7b:30,11,-89,klaiman,a0:ab:1b:62:0d:fc,2,-90
2017-12-01 10:59:59,SM-G950F,32.169027594463216,34.81191817927795,29.88889813438273,1,HOTBOX-651B,54:64:d9:5f:59:83,1,-77
2017-12-01 11:00:26,SM-G950F,32.16956688989755,34.812206661227876,29.984707511555015,1,nina,20:0c:c8:2b:2a:14,11,-71
2017-12-01 11:00:29,SM-G950F,32.169817000218366,34.81230905410695,29.98143136780164,1,landau,74:da:38:14:4b:88,11,-86
2017-12-01 11:00:32,SM-G950F,32.17005164614875,34.812397786519114,29.977980536112952,3,klaiman,a0:ab:1b:62:0d:fc,2,-83,LRWN,0c:f4:d5:29:a2:9c,36,-89,HOTBOX-651B,54:64:d9:5f:59:83,1,-92
2017-12-01 11:00:34,SM-G950F,32.17019624834832,34.81245570309557,29.861150924216155,1,frank,e8:94:f6:e2:6e:4b,6,-65
2017-12-01 11:00:38,SM-G950F,32.1704760444708,34.812577158369976,29.67313485345308,3,ter123,70:4d:7b:0c:89:50,6,-75,UFI_UF230_B3F,00:0b:6c:4d:1b:3f,6,-81,hot,00:1c:10:09:4f:bc,3,-84
2017-12-01 11:00:41,SM-G950F,32.170654027529686,34.81268553093009,29.21502010815968,2,UFI_UF230_B3F,00:0b:6c:4d:1b:3f,6,-70,TUCHLER,00:26:5a:69:94:e3,6,-90
2017-12-01 11:00:44,SM-G950F,32.17081209129427,34.812767664505046,28.924403723449103,1,Laufer-wifi,4c:60:de:51:8b:ca,11,-89
2017-12-01 11:00:47,SM-G950F,32.17095455549593,34.81282029540289,29.011697047706974,1,HP-Print-AF-Officejet Pro 6830,28:80:23:40:5f:af,6,-70
2017-12-01 11:00:59,SM-G950F,32.17178366806458,34.812966284830594,29.955616590355632,2,Oded 5Ghz,00:12:2a:e1:6c:4c,48,-89,Oded 2.4Ghz,00:12:2a:e1:6c:48,11,-89
2017-12-01 11:01:05,SM-G950F,32.17221891605429,34.813008839731566,30.49784498151697,1,DIR-825-4f83,80:26:89:0d:4f:84,1,-78
2017-12-01 11:01:11,SM-G950F,32.17246213445027,34.81314408162315,30.730460765215987,1,DIR-825-4f83,80:26:89:0d:4f:84,1,-70
2017-12-01 11:01:20,SM-G950F,32.172359339129684,34.81383247774181,31.35812286745131,2,Bezeq Free GA32E3,52:b0:ce:ac:32:98,1,-67,Lahav,08:3e:5d:5c:72:5e,11,-83
2017-12-01 11:01:26,SM-G950F,32.17229583572982,34.814265874458584,32.03668527946496,1,love,14:ae:db:58:73:75,1,-58
2017-12-01 11:04:06,SM-G950F,32.17221784967324,34.814398286352024,49.173541035059245,1,BezeqFree,06:ae:db:58:73:75,1,-74
2017-12-01 11:04:18,SM-G950F,32.17227246645649,34.81408016821385,47.69363736183398,1,BezeqFree,06:ae:db:58:73:75,1,-57
2017-12-01 11:04:21,SM-G950F,32.17230692344676,34.81390382396507,46.72223219542287,1,Lahav,fc:b4:e6:d2:86:9e,11,-81
2017-12-01 11:04:45,SM-G950F,32.17257421641877,34.81234245317759,43.21979901905486,2,HOTBOX1234,00:78:9e:f9:f5:5b,1,-81,DIRECT-56-HP OfficeJet 6950,30:e1:71:be:67:57,11,-90
2017-12-01 11:04:48,SM-G950F,32.172567936910234,34.81218573168659,43.070084903708576,2,Gil Kitchen,80:1f:02:a3:7d:62,6,-83,varda,c4:12:f5:85:27:c2,1,-87
2017-12-01 11:04:51,SM-G950F,32.17244369050431,34.81206365704524,42.92341219500959,2,kenley-up,88:dc:96:3b:f5:e0,6,-87,DIR-825-4f83,80:26:89:0d:4f:84,1,-89
2017-12-01 11:04:54,SM-G950F,32.17225037592235,34.81198974378003,42.69739354875747,1,varda,c4:12:f5:85:27:c2,1,-80
2017-12-01 11:05:00,SM-G950F,32.171773657455525,34.81183741979604,41.75368557840066,1,Liza,8c:59:c3:ea:db:4b,36,-91
2017-12-01 11:05:03,SM-G950F,32.171557399952235,34.81175227461636,41.42241716240946,1,SEW132_23574336,08:97:58:31:e0:c6,3,-85
2017-12-01 11:05:06,SM-G950F,32.17134387611023,34.8116686534985,41.11423605499236,3,HOTBOX-1966,6c:2e:85:fe:da:b8,6,-75,SEW132_23574336,08:97:58:31:e0:c6,3,-79,ronkla2,3c:1e:04:07:2a:fe,6,-80
2017-12-01 11:05:18,SM-G950F,32.17043064941609,34.81119993629276,40.926265973661245,2,shlomi,d8:5d:4c:d9:c4:68,1,-65,gononsmarthome,18:cc:23:00:18:45,3,-89
2017-12-01 11:05:21,SM-G950F,32.17019380074371,34.81108803927924,41.084818088945596,1,stephane,00:24:2b:cf:13:21,1,-64
2017-12-01 11:05:24,SM-G950F,32.1699449632106,34.81096823595285,41.15224303065266,2,Rozenkrants,86:2a:a8:a1:a0:b5,1,-89,RS_GUEST,ec:08:6b:38:0d:dd,12,-90
2017-12-01 11:05:27,SM-G950F,32.16969384158719,34.810860989133886,40.951736594141536,2,oved-main_2EX,74:da:38:54:b8:1c,6,-80,bait,10:be:f5:3f:b2:ce,10,-92
2017-12-01 11:05:30,SM-G950F,32.169457779876055,34.81076504710256,40.54230601717542,2,Lili,c4:12:f5:f9:5c:7c,11,-79,HOTBOX-2E6E,b0:b2:8f:1e:ea:68,11,-81
2017-12-01 11:05:39,SM-G950F,32.16885854901348,34.810540283347045,39.92476460820798,1,RS_GUEST,e4:6f:13:71:f5:ce,9,-91
2017-12-01 11:05:45,SM-G950F,32.168714629959446,34.81081986992245,39.792046107646115,1,A-Home,00:25:86:b1:6f:f8,6,-85
2017-12-01 11:05:48,SM-G950F,32.168714580027334,34.81107879163651,40.1458062027948,1,LRWN,0c:f4:d5:29:a2:9c,36,-89
2017-12-01 11:05:57,SM-G950F,32.16881183895412,34.81174970350504,40.650001121744175,3,LRWN,0c:f4:d5:29:a2:9c,36,-83,HOTFiber-400D,40:65:a3:2b:62:22,6,-83,HP-Setup>77-M277 LaserJet,92:cd:b6:2b:e9:77,1,-87
2017-12-01 11:06:00,SM-G950F,32.168934759058615,34.811856011826194,40.330499133060776,1,LRWN,0c:f4:d5:29:a2:9c,36,-73
2017-12-01 11:06:06,SM-G950F,32.16931815149732,34.81204692954307,40.1577920904256,1,Home,82:2a:a8:bf:94:29,11,-74
2017-12-01 11:06:12,SM-G950F,32.16970424697143,34.8122124147935,40.24753875469891,1,InnovationEndeavors-guest,14:ae:db:48:af:4d,9,-91
2017-12-01 11:06:15,SM-G950F,32.16988799418102,34.81228859490431,40.1543864581257,2,  InnovationEndeavors,74:da:38:a9:1c:df,2,-88,snapper1,00:78:9e:fa:0e:db,1,-91
2017-12-01 11:06:18,SM-G950F,32.17005822708653,34.81236874860562,40.072466932473205,1,ter123,70:4d:7b:0c:89:50,6,-69
2017-12-01 11:06:30,SM-G950F,32.17081505526214,34.812720955098236,39.90215021290214,1,TP-LINK_76C08E,14:cc:20:76:c0:8e,1,-84
2017-12-01 11:06:36,SM-G950F,32.17122085604919,34.81289551990273,39.73559705218988,1,DIR-825-4f83,80:26:89:0d:4f:84,1,-87
2017-12-01 11:06:45,SM-G950F,32.1718456468208,34.81297115265297,39.68353274635085,1,HOTBOX-2017,c0:ac:54:f5:7d:bd,11,-89
2017-12-01 11:06:48,SM-G950F,32.17203899486285,34.81300152330893,39.469898889224396,1,DIR-825-4f83,80:26:89:0d:4f:84,1,-81
2017-12-01 11:06:54,SM-G950F,32.17236326227764,34.81307622429901,39.21219723886117,1,DIR-825-4f83,80:26:89:0d:4f:84,1,-74
2017-12-01 11:07:00,SM-G950F,32.1724057467908,34.81330741796876,38.953487046589466,1,DIR-825-4f83,80:26:89:0d:4f:84,1,-66
2017-12-01 11:07:03,SM-G950F,32.1723824503716,34.81347918498145,38.90856296704865,1,Bezeq Free GA32E3,52:b0:ce:ac:32:98,1,-62
2017-12-01 11:07:12,SM-G950F,32.17228718061519,34.8140756807789,39.76563390143588,1,Orit,c4:a8:1d:12:7d:4c,6,-57
2017-12-01 11:07:18,SM-G950F,32.17225793952015,34.81441454466233,40.08129430873258,2,Km,48:ee:0c:3d:eb:b8,9,-85,HUAWEI-009D,14:9d:09:80:00:9d,4,-86
03-12-17 8:38,model=SM-G950F_device=dreamlte,32.10342051,35.20780553,690.6874449,4, ,ec:8c:a2:89:0c:c7,44,-86,Ariel_University,ec:8c:a2:09:0c:c8,1,-86, ,ec:8c:a2:88:7b:87,40,-87,Ariel_University,ec:8c:a2:08:90:cc,36,-87
03-12-17 8:38,model=SM-G950F_device=dreamlte,32.10345292,35.20781064,690.6563445,1,Ariel_University,ec:8c:a2:08:90:c8,11,-89
03-12-17 8:38,model=SM-G950F_device=dreamlte,32.10353355,35.20781292,690.579513,10,Ariel_University,ec:8c:a2:08:a9:28,11,-71,Ariel_University,ec:8c:a2:09:8c:38,1,-80,Ariel_University,ec:8c:a2:08:7b:8c,40,-81,Ariel_University,ec:8c:a2:08:a9:2c,44,-81, ,00:27:22:f3:bb:3a,6,-86, ,00:27:22:f3:bb:86,6,-87,Ariel_University,1c:b9:c4:16:d2:88,11,-88, ,ec:8c:a2:88:94:17,44,-88,Ariel_University,ec:8c:a2:09:8c:3c,44,-88,Ariel_University,ec:8c:a2:08:94:1c,44,-88
03-12-17 8:38,model=SM-G950F_device=dreamlte,32.10371441,35.20782636,690.4758806,9,Ariel_University,ec:8c:a2:08:7b:8c,40,-75, ,ec:8c:a2:88:7b:87,40,-76,Ariel_University,ec:8c:a2:08:90:c8,11,-78,Ariel_University,ec:8c:a2:09:03:3c,44,-84, ,ec:8c:a2:89:03:37,44,-85, ,ec:8c:a2:89:8c:37,44,-86,Ariel_University,1c:b9:c4:16:f4:7c,36,-89,Ariel_University,1c:b9:c4:16:d2:8c,44,-89,Ariel_University,ec:8c:a2:0a:08:b8,6,-89
03-12-17 8:38,model=SM-G950F_device=dreamlte,32.10395116,35.20786377,690.3267398,3,Ariel_University,ec:8c:a2:08:7b:8c,40,-68,Ariel_University,ec:8c:a2:08:7b:88,1,-77, ,00:27:22:f3:bb:86,6,-81
03-12-17 8:38,model=SM-G950F_device=dreamlte,32.10419403,35.20788174,690.1268556,2,AUC_54_R,00:25:86:cc:00:f8,5,-74,KCG_54,00:25:86:cc:07:b2,2,-87
03-12-17 8:38,model=SM-G950F_device=dreamlte,32.10441405,35.20788087,689.9496965,8,Ariel_University,ec:8c:a2:08:7a:18,1,-84,Ariel_University,ec:8c:a2:08:7a:1c,44,-86,dlink,84:c9:b2:4a:e7:87,2,-86,Ariel_University,1c:b9:c4:16:cd:68,11,-86, ,ec:8c:a2:88:7a:17,44,-87, ,ec:8c:a2:88:a9:27,44,-89, ,00:1a:dd:f4:f5:c4,13,-89,Afikim_Wifi,00:1a:dd:f4:f5:c5,13,-90
03-12-17 8:38,model=SM-G950F_device=dreamlte,32.10461272,35.20792964,689.6670161,4,Ariel_University,ec:8c:a2:08:92:48,6,-85,Ariel_University,ec:8c:a2:08:92:4c,36,-88,Ariel_University,ec:8c:a2:08:a9:2c,44,-89,Ariel_University,ec:8c:a2:08:a9:28,11,-90
03-12-17 8:38,model=SM-G950F_device=dreamlte,32.10473074,35.20808402,689.6319853,6,Afikim_Wifi,00:1a:dd:f4:f5:c5,13,-85,Ariel_University,f0:b0:52:3e:d6:f8,11,-86,Aviramf phone,e6:46:da:e4:84:c0,6,-87, ,00:27:22:f3:e0:83,1,-88, ,ec:8c:a2:88:7b:87,40,-89,Ariel_University,ec:8c:a2:26:d2:c8,11,-93
03-12-17 8:38,model=SM-G950F_device=dreamlte,32.10505166,35.20866893,689.2302581,1,Ariel_University,1c:b9:c4:16:05:38,11,-91
03-12-17 8:38,model=SM-G950F_device=dreamlte,32.10513904,35.20879924,688.9451858,1, ,00:1a:2f:7f:6b:70,13,-89
03-12-17 8:38,model=SM-G950F_device=dreamlte,32.10522815,35.20893428,688.6530227,1,magneto,b2:6c:ac:a0:7b:4d,11,-90
03-12-17 8:38,model=SM-G950F_device=dreamlte,32.10533997,35.20910319,688.4228174,10, ,00:1a:2f:7f:6b:70,13,-81,Ariel_University,1c:b9:c4:15:44:58,11,-84,outsense,c2:6c:ac:a0:7b:4d,11,-85,EVE,90:6c:ac:a0:7b:4d,11,-88,Ariel_University,1c:b9:c4:16:05:3c,36,-88,Guest,90:6c:ac:9f:fb:1f,1,-89, ,00:1a:dd:f4:f5:c4,13,-90,Ariel_University,ec:8c:a2:26:d2:c8,11,-91,HP-Print-30-Officejet 7610,d0:bf:9c:db:31:30,6,-91,Afikim_Wifi,00:1a:dd:f4:f5:c5,13,-91
03-12-17 8:38,model=SM-G950F_device=dreamlte,32.10545969,35.20928736,688.3373273,5,ShapeDo,f8:e9:03:12:ef:3b,6,-90,Neuropplied,a2:6c:ac:9f:fb:27,36,-91,Guest,90:6c:ac:9f:fb:27,36,-92,iagree,b2:6c:ac:9f:fb:27,36,-92,shapedo,c2:6c:ac:9f:fb:27,36,-92
03-12-17 8:38,model=SM-G950F_device=dreamlte,32.10559678,35.20951078,688.4287285,4, ,00:27:22:f3:e2:f3,6,-84, ,00:27:22:f3:a6:9a,6,-85,YICarCam_00d0f1,58:70:c6:00:d0:f1,6,-89,Ariel_University,1c:b9:c4:16:06:e8,11,-89
03-12-17 8:38,model=SM-G950F_device=dreamlte,32.10572051,35.20975997,688.5550301,10,NIPPON_2516,08:97:58:32:a6:3e,3,-73, ,00:1a:2f:7f:6b:70,13,-76,Orange G2_4113,f8:a9:d0:66:06:4d,6,-81,iagree,b2:6c:ac:9f:fb:1f,1,-88,Ariel_University,1c:b9:c4:15:44:5c,44,-89,Ariel_University,1c:b9:c4:15:42:6c,48,-89,Afikim-73925,00:1a:dd:f5:e9:25,1,-89, ,1c:b9:c4:95:42:67,48,-90,Cartiheal,00:11:6b:2a:90:3c,11,-90,Ariel_University,1c:b9:c4:14:2f:a8,1,-90
03-12-17 8:39,model=SM-G950F_device=dreamlte,32.10583719,35.21005175,688.5948452,6,PEPWAVE_C99D,00:1a:dd:f5:e9:24,1,-74,Afikim-73925,00:1a:dd:f5:e9:25,1,-76,Ariel_University,1c:b9:c4:16:06:e8,11,-84,PEPWAVE_9481,00:1a:dd:f4:ef:04,1,-85,magneto,b2:6c:ac:a0:7b:4d,11,-88,Ariel_University,1c:b9:c4:15:42:68,11,-89
03-12-17 8:39,model=SM-G950F_device=dreamlte,32.10593532,35.21038077,688.6045855,10,PEPWAVE_9481,00:1a:dd:f4:ef:04,1,-76, ,00:1a:dd:f5:06:a4,13,-83,YICarCam_00d0f1,58:70:c6:00:d0:f1,6,-84,Ariel_University,1c:b9:c4:15:44:58,11,-84,Afikim_Wifi,00:1a:dd:f5:06:a5,13,-84,EVE,90:6c:ac:a0:7b:4d,11,-89,Guest,90:6c:ac:9f:fb:1f,1,-89,Ariel_University,1c:b9:c4:16:06:ec,44,-89,HP-Print-30-Officejet 7610,d0:bf:9c:db:31:30,6,-90, ,00:1a:dd:f4:f5:c4,13,-90
03-12-17 8:39,model=SM-G950F_device=dreamlte,32.10601668,35.2107271,688.6764368,3,Afikim-73925,00:1a:dd:f5:e9:25,1,-71, ,00:27:22:f3:e2:f3,6,-87, ,00:27:22:f3:a6:9a,6,-87
03-12-17 8:39,model=SM-G950F_device=dreamlte,32.10608928,35.21106968,688.7624378,10,Afikim-73925,00:1a:dd:f5:e9:25,1,-58,PEPWAVE_C99D,00:1a:dd:f5:e9:24,1,-59,Afikim_Wifi,00:1a:dd:f4:ef:c5,1,-81, ,00:1a:2f:7f:6b:70,13,-85,Ariel_University,1c:b9:c4:15:42:68,11,-87,Ariel_University,1c:b9:c4:14:2f:a8,1,-87,Gateway,00:0d:f0:3e:fa:ca,9,-87,Ariel_University,1c:b9:c4:16:06:e8,11,-88, ,1c:b9:c4:96:06:e7,44,-89,magneto,b2:6c:ac:a0:7b:4d,11,-92
03-12-17 8:39,model=SM-G950F_device=dreamlte,32.10614939,35.21138727,688.8993666,7, ,00:27:22:f3:e2:f3,6,-81,TOP-SECRET,10:be:f5:36:02:e2,8,-82,Ariel_University,1c:b9:c4:16:06:ec,44,-83, ,00:1a:dd:f4:ef:c4,1,-87,Afikim_Wifi,00:1a:dd:f4:f5:c5,13,-91,PEPWAVE_9481,00:1a:dd:f4:ef:04,1,-92, ,00:1a:dd:f4:f5:c4,13,-93
03-12-17 8:39,model=SM-G950F_device=dreamlte,32.10618195,35.21168764,689.1981253,2, ,00:1a:dd:f4:f5:c4,13,-87,Bezeq-NGN_E77EB9,cc:b2:55:e7:7e:ba,6,-87
03-12-17 8:39,model=SM-G950F_device=dreamlte,32.10621149,35.21194839,689.2763253,5, ,00:1a:dd:f4:fc:84,8,-77,Afikim_Wifi,00:1a:dd:f4:fc:85,8,-78,Police_Shomron ,f8:e7:1e:33:87:38,1,-86, ,00:1a:dd:f4:fc:64,1,-87,Afikim_Wifi,00:1a:dd:f4:fc:65,1,-90
03-12-17 8:39,model=SM-G950F_device=dreamlte,32.1061716,35.21214176,689.3311853,1, ,1c:b9:c4:96:06:e7,44,-90
03-12-17 8:39,model=SM-G950F_device=dreamlte,32.10599537,35.21216519,689.5950094,3,IT-MNG,1c:b9:c4:16:cd:18,1,-88,KCG_20,00:27:19:13:fc:a4,11,-90,Ariel_University,1c:b9:c4:56:cd:18,1,-90
03-12-17 8:39,model=SM-G950F_device=dreamlte,32.10578181,35.21207188,690.5323471,3,Police_Shomron ,f8:e7:1e:33:87:3c,36,-86,IT-MNG,1c:b9:c4:15:fd:e8,11,-88,Ariel_University,1c:b9:c4:16:cd:1c,36,-88
03-12-17 8:39,model=SM-G950F_device=dreamlte,32.10558929,35.21199049,691.089803,4,IT-MNG,1c:b9:c4:16:cd:18,1,-75,Ariel_University,1c:b9:c4:56:cd:18,1,-75,KCG_20,00:27:19:13:fc:a4,11,-85,Ariel_University,1c:b9:c4:55:fd:e8,11,-88
03-12-17 8:39,model=SM-G950F_device=dreamlte,32.10544864,35.21192983,691.5885471,5,Ariel_University,1c:b9:c4:15:fd:ec,40,-83,Ariel_University,1c:b9:c4:15:3a:28,1,-87,Ariel_University,1c:b9:c4:15:36:9c,36,-88, ,1c:b9:c4:96:cd:17,36,-89,Ariel_University,1c:b9:c4:15:36:98,1,-89
03-12-17 8:39,model=SM-G950F_device=dreamlte,32.10533815,35.21187488,692.0554072,2,Ariel_University,1c:b9:c4:15:3a:2c,36,-92,Ariel_University,24:79:2a:2b:34:a8,11,-92
03-12-17 8:39,model=SM-G950F_device=dreamlte,32.10524361,35.21180124,692.3384221,3,Ariel_University,1c:b9:c4:15:fd:ec,40,-76,IT-MNG,1c:b9:c4:15:fd:e8,11,-82,Ariel_University,1c:b9:c4:55:fd:e8,11,-83
03-12-17 8:39,model=SM-G950F_device=dreamlte,32.10521012,35.21178481,692.3547335,1,Ariel_University,1c:b9:c4:16:05:78,6,-92
03-12-17 8:39,model=SM-G950F_device=dreamlte,32.10521012,35.21178481,692.3483457,1,Ariel_University,1c:b9:c4:16:2b:e8,6,-92
03-12-17 8:39,model=SM-G950F_device=dreamlte,32.10521012,35.21178481,692.3377116,1, ,8c:0c:90:af:76:53,6,-90
03-12-17 8:40,model=SM-G950F_device=dreamlte,32.10517571,35.21174277,692.1254031,1,Ariel_University,24:79:2a:2b:34:e8,1,-91
03-12-17 8:40,model=SM-G950F_device=dreamlte,32.10499245,35.21165147,691.7543962,1,Ariel_University,1c:b9:c4:15:44:88,6,-91
03-12-17 8:40,model=SM-G950F_device=dreamlte,32.10486246,35.21155668,691.4626497,2,Ariel_University,1c:b9:c4:15:ed:48,1,-89,Ariel_University,8c:0c:90:2f:d3:d8,11,-90
03-12-17 8:40,model=SM-G950F_device=dreamlte,32.10490612,35.21135241,691.7266026,10,Ariel_University,1c:b9:c4:15:ed:48,1,-78,Ariel_University,1c:b9:c4:15:44:88,6,-79,Ariel_University,ec:8c:a2:08:79:a8,6,-82, ,1c:b9:c4:95:ed:47,44,-87,Ariel_University,1c:b9:c4:15:ed:4c,44,-88,Ariel_University,ec:8c:a2:08:79:88,1,-88,Ariel_University,ec:8c:a2:08:79:ac,36,-89,Ariel_University,1c:b9:c4:14:36:f8,6,-90,Ariel_University,1c:b9:c4:16:05:7c,36,-91,Ariel_University,1c:b9:c4:15:44:58,11,-92
03-12-17 8:40,model=SM-G950F_device=dreamlte,32.10500395,35.2111799,692.1896063,6,Ariel_University,1c:b9:c4:14:2b:c8,6,-79,Ariel_University,1c:b9:c4:14:2b:cc,36,-87,Ariel_University,1c:b9:c4:15:41:78,1,-87, ,00:1a:2f:7f:6b:70,13,-88, ,1c:b9:c4:94:2b:c7,36,-90,Ariel_University,1c:b9:c4:15:42:68,11,-90
03-12-17 8:40,model=SM-G950F_device=dreamlte,32.10506656,35.21095879,692.5004479,6,Ariel_University,1c:b9:c4:15:42:68,11,-79,Ariel_University,1c:b9:c4:16:2b:e8,6,-84,Ariel_University,1c:b9:c4:15:42:6c,48,-86, ,1c:b9:c4:95:42:67,48,-90, ,1c:b9:c4:95:44:87,36,-91,Ariel_University,1c:b9:c4:15:44:8c,36,-92
03-12-17 8:40,model=SM-G950F_device=dreamlte,32.10506215,35.21071549,692.6868607,6, ,1c:b9:c4:94:30:07,36,-84,Ariel_University,1c:b9:c4:14:30:0c,36,-85,Ariel_University,1c:b9:c4:14:30:08,1,-85,Ariel_University,1c:b9:c4:16:05:78,6,-86,Ariel_University,1c:b9:c4:15:36:9c,36,-87,Ariel_University,1c:b9:c4:15:36:98,1,-91
03-12-17 8:40,model=SM-G950F_device=dreamlte,32.10500248,35.21047226,692.7188464,8,Ariel_University,1c:b9:c4:15:44:58,11,-79,Ariel_University,1c:b9:c4:16:2d:e8,11,-81,SAMSONIX R500-e-09,ac:83:f3:b2:00:e9,1,-84,Ariel_University,1c:b9:c4:15:25:48,1,-88, ,1c:b9:c4:95:44:57,44,-89,Ariel_University,8c:0c:90:2f:d3:d8,11,-90,yosh,00:11:6b:11:7d:c7,13,-90,SAMSONIX ML_003,38:a2:8c:02:e7:6e,6,-91
03-12-17 8:40,model=SM-G950F_device=dreamlte,32.10493192,35.21025667,692.7030959,10,Ariel_University,1c:b9:c4:15:44:5c,44,-82,Ariel_University,1c:b9:c4:16:2d:ec,36,-85,Ariel_University,1c:b9:c4:15:20:38,11,-87, ,1c:b9:c4:96:2d:e7,36,-89,EVE,90:6c:ac:a0:7b:4d,11,-90,outsense,c2:6c:ac:a0:7b:4d,11,-90,Ariel_University,1c:b9:c4:16:05:38,11,-90,Ariel_University,1c:b9:c4:15:44:88,6,-91,shapedo,c2:6c:ac:9f:fb:1f,1,-91,Ariel_University,1c:b9:c4:15:34:b8,6,-92
03-12-17 8:40,model=SM-G950F_device=dreamlte,32.10483384,35.21004948,692.7415285,10,Ariel_University,1c:b9:c4:16:05:38,11,-84,EVE,90:6c:ac:a0:7b:4d,11,-85,mati-sh1,c4:12:f5:fd:6a:74,9,-85,giftwizard,a2:6c:ac:a0:3d:eb,3,-87,magneto,b2:6c:ac:a0:7b:4d,11,-88,HP-Print-30-Officejet 7610,d0:bf:9c:db:31:30,6,-88,Neuropplied,a2:6c:ac:9f:fb:1f,1,-89,Guest,90:6c:ac:a0:3d:eb,3,-89,Guest,90:6c:ac:9f:fb:1f,1,-89,Ariel_University,8c:0c:90:2f:36:58,1,-89
03-12-17 8:40,model=SM-G950F_device=dreamlte,32.10470434,35.20983067,692.8241294,10,outsense,c2:6c:ac:a0:7b:4d,11,-75,Guest,a2:6c:ac:a0:7b:4d,11,-75,magneto,b2:6c:ac:a0:7b:4d,11,-75,shapedo,c2:6c:ac:9f:fb:1f,1,-77,EVE,90:6c:ac:a0:7b:4d,11,-78,Ariel_University,1c:b9:c4:16:05:3c,36,-78,outsense,c2:6c:ac:a0:7b:55,52,-79,magneto,b2:6c:ac:a0:7b:55,52,-79,Ariel_University,8c:0c:90:2f:36:58,1,-80,Guest,a2:6c:ac:a0:7b:55,52,-80
03-12-17 8:40,model=SM-G950F_device=dreamlte,32.10457103,35.2096085,692.8918491,10,EVE,90:6c:ac:a0:7b:4d,11,-71,TP-LINK_ADD150,74:ea:3a:ad:d1:50,4,-71,Guest,90:6c:ac:a0:60:4d,1,-72,incentive2,a2:6c:ac:a0:60:4d,1,-72,ShapeDo,f8:e9:03:12:ef:3b,6,-72,Ariel_University,1c:b9:c4:14:62:4c,36,-74,Ariel_University,1c:b9:c4:14:62:48,11,-74,iagree,b2:6c:ac:9f:fb:1f,1,-76,ShapeDo-5GHz,f8:e9:03:12:ef:3c,60,-77, ,1c:b9:c4:94:62:47,36,-79
03-12-17 8:41,model=SM-G950F_device=dreamlte,32.10446697,35.20942986,692.9030486,10,Ariel_University,24:79:2a:2c:5b:dc,36,-78,artsim,a2:6c:ac:a0:18:29,6,-80,Ariel_University,24:79:2a:2c:5b:d8,1,-80,Ariel_University,34:8f:27:20:89:b8,6,-84,Ariel_University,1c:b9:c4:15:25:48,1,-86,DIRECT-6E-HP DeskJet 3630 series,a0:8c:fd:8c:79:6f,6,-87,Ariel_University,34:8f:27:20:89:bc,44,-87,yosh,00:11:6b:11:7d:c7,13,-89, ,34:8f:27:a0:89:b7,44,-89,Ariel_University,1c:b9:c4:15:44:58,11,-90
03-12-17 8:41,model=SM-G950F_device=dreamlte,32.10436268,35.20927747,692.9954485,9,Ariel_University,34:8f:27:20:89:b8,6,-78,Ariel_University,ec:8c:a2:26:d3:68,11,-84,Ariel_University,1c:b9:c4:16:1d:78,1,-85,Neuropplied,a2:6c:ac:9f:fb:27,36,-88,YICarCam_fb687a,58:70:c6:fb:68:7a,5,-88,Guest,90:6c:ac:9f:fb:27,36,-89,iagree,b2:6c:ac:9f:fb:27,36,-89,shapedo,c2:6c:ac:9f:fb:27,36,-89,DIRECT-64-HP DeskJet 3630 series,30:e1:71:0d:e0:65,6,-89
03-12-17 8:41,model=SM-G950F_device=dreamlte,32.10423494,35.20910451,693.2393927,9,Ariel_University,ec:8c:a2:26:d3:68,11,-65,Ariel_University,1c:b9:c4:16:cc:d8,1,-83, ,00:27:22:f3:bb:2b,6,-85,DIRECT-13-HP DeskJet 3630 series,a0:8c:fd:0a:24:56,6,-86,Ariel_University,1c:b9:c4:15:fd:4c,36,-88,Ariel_University,1c:b9:c4:15:fd:48,1,-90,Ariel_University,1c:b9:c4:16:28:ec,36,-91,Ariel_University,ec:8c:a2:26:d2:c8,11,-92, ,00:02:6f:b8:c4:1a,11,-92
03-12-17 8:41,model=SM-G950F_device=dreamlte,32.1040793,35.20894494,693.2106003,9,Ariel_University,1c:b9:c4:16:28:e8,1,-83,giftwizard,a2:6c:ac:a0:3d:eb,3,-84,Guest,90:6c:ac:a0:3d:eb,3,-84,Ariel_University,8c:0c:90:2e:16:88,11,-86,Guest,90:6c:ac:a0:18:29,6,-88,Ariel_University,ec:8c:a2:26:b0:e8,6,-89,Ariel_University,1c:b9:c4:15:1c:b8,1,-89,Ariel_University,1c:b9:c4:15:23:5c,36,-91, ,1c:b9:c4:95:23:57,36,-92
03-12-17 8:41,model=SM-G950F_device=dreamlte,32.10391151,35.20882466,693.1255587,9,Guest,90:6c:ac:a0:3d:eb,3,-77,sinusafe,b2:6c:ac:a0:3d:eb,3,-79,Ariel_University,1c:b9:c4:15:fd:48,1,-82,Ariel_University,1c:b9:c4:15:23:58,6,-83,AUC_54_R,00:25:86:cc:00:f8,5,-84,2.4V1,40:a5:ef:7a:17:f2,1,-86, ,1c:b9:c4:95:fd:47,36,-90, ,1c:b9:c4:96:28:e7,36,-90,outsense,c2:6c:ac:a0:7b:4d,11,-91
03-12-17 8:41,model=SM-G950F_device=dreamlte,32.10374536,35.20874764,692.9018041,3,AUC_54_R,00:25:86:cc:00:f8,5,-79,Ariel_University,ec:8c:a2:08:78:cc,48,-85,Ariel_University,1c:b9:c4:16:cc:dc,36,-90
03-12-17 8:41,model=SM-G950F_device=dreamlte,32.10358149,35.20869964,692.7637921,9,Ariel_University,1c:b9:c4:16:28:ec,36,-70,Ariel_University,1c:b9:c4:16:28:e8,1,-72, ,1c:b9:c4:96:28:e7,36,-72,Ariel_University,ec:8c:a2:08:78:c8,6,-84, ,8c:0c:90:ae:16:83,11,-85,Ariel_University,ec:8c:a2:08:94:18,1,-85, ,8c:0c:90:6e:16:88,11,-86,Ariel_University,1c:b9:c4:12:7c:c8,11,-86,Ariel_University,1c:b9:c4:16:13:08,11,-89
03-12-17 8:41,model=SM-G950F_device=dreamlte,32.10344003,35.20867174,692.4998606,6,Ariel_University,ec:8c:a2:08:94:1c,44,-69,Ariel_University,ec:8c:a2:08:94:18,1,-72,PEPWAVE_C99D,00:1a:dd:f5:e9:24,1,-90,Ariel_University,1c:b9:c4:12:7c:cc,36,-90,Afikim-73925,00:1a:dd:f5:e9:25,1,-91,Biren2809,14:ae:db:cf:86:f5,11,-92
03-12-17 8:41,model=SM-G950F_device=dreamlte,32.10332615,35.20866419,692.4506545,10, ,ec:8c:a2:88:94:17,44,-72,Ariel_University,1c:b9:c4:12:7c:c8,11,-73,Ariel_University,1c:b9:c4:16:d2:88,11,-79,Ariel_University,1c:b9:c4:12:7c:cc,36,-81, ,1c:b9:c4:92:7c:c7,36,-82,Ariel_University,1c:b9:c4:16:d2:8c,44,-83,Ariel_University,1c:b9:c4:12:90:bc,40,-88,Ariel_University,1c:b9:c4:16:1d:78,1,-89,Ariel_University,1c:b9:c4:16:13:0c,44,-89, ,1c:b9:c4:96:13:07,44,-91
03-12-17 8:41,model=SM-G950F_device=dreamlte,32.10319998,35.20865523,692.3581803,10,Ariel_University,1c:b9:c4:12:90:b8,11,-78,HelpDesk,f8:d1:11:77:77:c6,4,-81,Ariel_University,1c:b9:c4:12:90:bc,40,-82,Ariel_University,8c:0c:90:2d:75:e8,1,-84,Ariel_University,1c:b9:c4:16:f4:28,11,-86,Ariel_University,34:8f:27:20:8c:18,6,-86, ,1c:b9:c4:96:f4:77,36,-89,Ariel_University,1c:b9:c4:15:43:e8,1,-89,Ariel_University,ec:8c:a2:26:d3:68,11,-90, ,ec:8c:a2:88:78:c7,48,-90
03-12-17 8:41,model=SM-G950F_device=dreamlte,32.10300494,35.20863696,692.1964173,10,Ariel_University,ec:8c:a2:08:94:18,1,-66,HelpDesk,f8:d1:11:77:77:c6,4,-70,Ariel_University,8c:0c:90:2d:75:e8,1,-76,Ariel_University,1c:b9:c4:12:90:bc,40,-77, ,ec:8c:a2:88:78:c7,48,-83,AUC_4_2_24,d8:5d:4c:9e:69:22,1,-83,Ariel_University,1c:b9:c4:14:2f:68,6,-84,Ariel_University,1c:b9:c4:14:33:c8,11,-85, ,1c:b9:c4:96:f4:27,44,-88,Ariel_University,1c:b9:c4:14:2f:6c,36,-88
03-12-17 8:41,model=SM-G950F_device=dreamlte,32.10277703,35.20865285,691.9026616,10,Ariel_University,1c:b9:c4:14:2f:68,6,-74,Ariel_University,1c:b9:c4:14:2f:6c,36,-76,Ariel_University,1c:b9:c4:16:11:a8,1,-76,Ariel_University,1c:b9:c4:16:28:f8,6,-77,Ariel_University,1c:b9:c4:14:33:cc,48,-79,Ariel_University,1c:b9:c4:15:43:e8,1,-80,Ariel_University,1c:b9:c4:14:33:c8,11,-80,Ariel_University,ec:8c:a2:26:b1:78,1,-82,Ariel_University,1c:b9:c4:16:11:ac,44,-83, ,1c:b9:c4:96:f4:77,36,-84
03-12-17 8:41,model=SM-G950F_device=dreamlte,32.10255145,35.20870958,691.5312028,10,Ariel_University,ec:8c:a2:26:b1:78,1,-74,Ariel_University,1c:b9:c4:16:f4:78,1,-80,Ariel_University,1c:b9:c4:16:28:fc,36,-83,Ariel_University,ec:8c:a2:08:78:c8,6,-85,Bezeq Free,62:ab:1b:60:b4:cb,8,-85,Ariel_University,1c:b9:c4:16:f1:98,11,-85,Ariel_University,1c:b9:c4:14:2c:18,1,-85,36518749,a0:ab:1b:60:b4:ca,8,-86,Ariel_University,1c:b9:c4:15:ed:78,6,-86,Ariel_University,1c:b9:c4:16:04:78,11,-86
03-12-17 8:41,model=SM-G950F_device=dreamlte,32.10234865,35.20880581,691.1193082,8,36518749,a0:ab:1b:60:b4:ca,8,-81,Ariel_University,1c:b9:c4:14:2b:d8,1,-81,Ariel_University,ec:8c:a2:08:94:1c,44,-86,Ariel_University,1c:b9:c4:14:2b:dc,36,-87, ,1c:b9:c4:94:2b:d7,36,-88,Ariel_University,1c:b9:c4:16:ed:38,6,-88,tachlit3,48:ee:0c:3e:86:dd,7,-89,DIRECT-F4-HP DeskJet 3630 series,a0:8c:fd:0a:d5:f5,6,-91
03-12-17 8:41,model=SM-G950F_device=dreamlte,32.10214622,35.20904429,690.533534,10,Ariel_University,1c:b9:c4:14:2b:d8,1,-74,Ariel_University,1c:b9:c4:14:2b:dc,36,-75,DIRECT-F4-HP DeskJet 3630 series,a0:8c:fd:0a:d5:f5,6,-76,Ariel_University,1c:b9:c4:16:f1:98,11,-77,DIRECT-55-HP DeskJet 3630 series,3c:52:82:ef:d4:56,6,-79,Ariel_University,1c:b9:c4:16:f1:48,1,-79,Ariel_University,1c:b9:c4:16:f4:28,11,-82,Ariel_University,1c:b9:c4:16:f1:4c,36,-85,Ariel_University,1c:b9:c4:15:3d:58,11,-86,Ariel_University,1c:b9:c4:12:90:b8,11,-87
03-12-17 8:41,model=SM-G950F_device=dreamlte,32.10204841,35.20930544,690.6637923,10,Ariel_University,1c:b9:c4:14:2b:d8,1,-67,Ariel_University,1c:b9:c4:16:04:78,11,-77,Ariel_University,1c:b9:c4:15:3a:38,11,-82,Ariel_University,1c:b9:c4:15:1b:88,11,-84, ,1c:b9:c4:95:3a:37,44,-87,Ariel_University,1c:b9:c4:15:3a:3c,44,-87,Ariel_University,1c:b9:c4:15:1b:8c,58,-88,Ariel_University,1c:b9:c4:15:1e:68,1,-88, ,1c:b9:c4:95:1b:87,58,-89,yosh,00:11:6b:11:02:b7,1,-90
03-12-17 8:41,model=SM-G950F_device=dreamlte,32.10199116,35.20958211,691.3292747,8,Ariel_University,1c:b9:c4:15:3d:58,11,-76,Ariel_University,1c:b9:c4:15:ed:7c,60,-83,Ariel_University,1c:b9:c4:15:3d:5c,36,-85,Ariel_University,1c:b9:c4:16:f4:2c,44,-88,Ariel_University,1c:b9:c4:12:90:bc,40,-89,Ariel_University,1c:b9:c4:15:1e:6c,36,-89, ,1c:b9:c4:95:43:e7,36,-90, ,1c:b9:c4:96:f4:27,44,-90
03-12-17 8:41,model=SM-G950F_device=dreamlte,32.1020499,35.209817,691.9252951,10,Ariel_University,1c:b9:c4:15:3a:3c,44,-82,Ariel_University,1c:b9:c4:16:11:a8,1,-85,yosh,00:11:6b:11:02:b7,1,-85, ,1c:b9:c4:96:04:77,60,-86,Bezeq Free,62:ab:1b:60:b4:cb,8,-86,DIRECT-71-HP DeskJet 3630 series,30:e1:71:0f:a2:72,6,-86,Ariel_University,ec:8c:a2:26:b1:78,1,-87,36518749,a0:ab:1b:60:b4:ca,8,-87,Ariel_University,1c:b9:c4:15:ed:78,6,-88, ,1c:b9:c4:96:11:a7,44,-90
03-12-17 8:41,model=SM-G950F_device=dreamlte,32.1024246,35.20994625,693.2951779,3,KCG-ADSL,00:1d:aa:81:d8:3c,3,-72,lab_6.1.3,c4:12:f5:f6:a0:18,3,-84,Ariel_University,1c:b9:c4:16:ee:98,6,-91
03-12-17 8:42,model=SM-G950F_device=dreamlte,32.102644,35.20986621,693.953681,8,lab_6.1.3,c4:12:f5:f6:a0:18,3,-76,Ariel_University,1c:b9:c4:15:1e:68,1,-81,Ariel_University,1c:b9:c4:16:ee:98,6,-84,Ariel_University,1c:b9:c4:15:3d:68,6,-84,Ariel_University,1c:b9:c4:16:ee:9c,36,-85,Ariel_University,1c:b9:c4:16:ed:38,6,-88,Ariel_University,1c:b9:c4:15:3d:6c,44,-89,Ariel_University,1c:b9:c4:14:2c:38,6,-90
03-12-17 8:42,model=SM-G950F_device=dreamlte,32.10284686,35.20976947,694.5438851,9,Ariel_University,1c:b9:c4:14:2c:38,6,-82,Ariel_University,1c:b9:c4:14:30:38,1,-86, ,1c:b9:c4:96:ed:37,44,-87,Ariel_University,1c:b9:c4:16:ed:3c,44,-87,DIRECT-47-HP DeskJet 3630 series,30:e1:71:0f:a2:49,6,-88,Ariel_University,1c:b9:c4:12:af:78,11,-88,Ariel_University,1c:b9:c4:12:af:7c,40,-89,Ariel_University,1c:b9:c4:15:ec:38,6,-90,Ariel_University,1c:b9:c4:14:30:3c,44,-91
03-12-17 8:42,model=SM-G950F_device=dreamlte,32.1030462,35.20968509,695.2842001,10,Ariel_University,1c:b9:c4:15:ec:38,6,-78,Ariel_University,1c:b9:c4:16:ed:38,6,-79,Ariel_University,1c:b9:c4:12:af:78,11,-79,DIRECT-3B-HP DeskJet 3630 series,3c:52:82:ef:c4:3c,6,-82,Ariel_University,1c:b9:c4:12:af:7c,40,-83,Ariel_University,1c:b9:c4:15:ec:3c,36,-89,Ariel_University,1c:b9:c4:15:1e:6c,36,-90, ,1c:b9:c4:95:ec:37,36,-90,Ariel_University,1c:b9:c4:14:2b:88,11,-90, ,1c:b9:c4:94:30:37,44,-91
03-12-17 8:42,model=SM-G950F_device=dreamlte,32.10324718,35.2096609,695.9976938,3,Ariel_University,1c:b9:c4:16:11:a8,1,-85, ,1c:b9:c4:92:af:77,40,-86,Ariel_University,1c:b9:c4:16:06:bc,48,-89
03-12-17 8:42,model=SM-G950F_device=dreamlte,32.10343296,35.20971972,696.5946487,10,KCG-ADSL,00:1d:aa:81:d8:3c,3,-79,Ariel_University,1c:b9:c4:16:06:b8,11,-79,Ariel_University,1c:b9:c4:16:06:bc,48,-82,Ariel_University,1c:b9:c4:14:2b:88,11,-85, ,8c:0c:90:6e:16:88,11,-88,DIRECT-51-HP DeskJet 3630 series,3c:52:82:ef:d4:52,6,-88,AUC_4_2_24,d8:5d:4c:9e:69:22,1,-88,IT-MNG,1c:b9:c4:15:ed:b8,1,-89,Ariel_University,1c:b9:c4:16:f1:58,6,-89,Ariel_University,1c:b9:c4:12:90:bc,40,-90
03-12-17 8:42,model=SM-G950F_device=dreamlte,32.10360555,35.20981183,696.984537,5,Ariel_University,1c:b9:c4:16:ed:3c,44,-82, ,1c:b9:c4:96:06:b7,48,-83,Ariel_University,1c:b9:c4:16:e5:a8,6,-87,Ariel_University,1c:b9:c4:16:e5:ac,36,-88,Onicom,c0:4a:00:71:ee:ee,9,-91
03-12-17 8:42,model=SM-G950F_device=dreamlte,32.10374459,35.20996027,697.4269701,7,Ariel_University,1c:b9:c4:16:06:b8,11,-73,Ariel_University,8c:0c:90:2e:16:88,11,-83,Ariel_University,1c:b9:c4:15:fd:48,1,-84,Ariel_University,24:79:2a:2b:bd:8c,44,-88,Ariel_University,1c:b9:c4:15:1c:b8,1,-88, ,24:79:2a:ab:bd:87,44,-89,Ariel_University,1c:b9:c4:16:ed:48,6,-89
03-12-17 8:42,model=SM-G950F_device=dreamlte,32.10384157,35.21012188,697.416046,7,Ariel_University,1c:b9:c4:16:06:bc,48,-76,Ariel_University,24:79:2a:2b:bd:88,11,-83,Ariel_University,24:79:2a:2c:5c:18,11,-84,Ariel_University,24:79:2a:2b:07:b8,11,-85,HelpDesk,60:e3:27:7b:e0:98,4,-89,Ariel_University,24:79:2a:2b:07:bc,36,-90,Ariel_University,1c:b9:c4:15:fd:4c,36,-91
03-12-17 8:42,model=SM-G950F_device=dreamlte,32.10394142,35.21027064,697.3844383,1,DIRECT-8A-HP DeskJet 3630 series,3c:52:82:ef:a4:8b,6,-89
03-12-17 8:42,model=SM-G950F_device=dreamlte,32.10400958,35.2104071,697.4328003,3,Ariel_University,8c:0c:90:2e:e8:18,6,-81,Ariel_University,1c:b9:c4:15:ed:38,6,-89,Ariel_University,8c:0c:90:2d:34:38,11,-90
03-12-17 8:42,model=SM-G950F_device=dreamlte,32.10406542,35.21056381,697.5076284,7,Ariel_University,8c:0c:90:2e:e8:18,6,-75,Ariel_University,24:79:2a:2b:24:98,1,-82,Ariel_University,24:79:2a:2c:61:68,6,-86,Ariel_University,24:79:2a:2b:24:9c,36,-87,Ariel_University,1c:b9:c4:16:e8:fc,36,-89,Ariel_University,1c:b9:c4:15:ed:3c,36,-89,Ariel_University,24:79:2a:2c:5b:d8,1,-90
03-12-17 8:42,model=SM-G950F_device=dreamlte,32.10413452,35.21075672,697.6837112,6,Ariel_University,8c:0c:90:2f:d3:d8,11,-80,Ariel_University,1c:b9:c4:15:41:7c,44,-83,Ariel_University,1c:b9:c4:16:e8:f8,11,-83,Ariel_University,8c:0c:90:2d:34:38,11,-84, ,1c:b9:c4:95:41:77,44,-84, ,1c:b9:c4:96:e8:f7,36,-89
03-12-17 8:42,model=SM-G950F_device=dreamlte,32.10418021,35.21097162,697.8335736,6,Ariel_University,1c:b9:c4:15:41:78,1,-74,Ariel_University,1c:b9:c4:15:41:7c,44,-78,Ariel_University,1c:b9:c4:15:ed:38,6,-82, ,1c:b9:c4:95:ed:37,36,-85,Ariel_University,1c:b9:c4:16:06:b8,11,-90,Ariel_University,1c:b9:c4:14:36:fc,36,-90
03-12-17 8:42,model=SM-G950F_device=dreamlte,32.10421175,35.21118934,697.9876833,4,Ariel_University,1c:b9:c4:16:e8:f8,11,-75,Ariel_University,1c:b9:c4:14:36:f8,6,-78,Ariel_University,1c:b9:c4:16:e8:fc,36,-80, ,1c:b9:c4:94:36:f7,36,-89
03-12-17 8:42,model=SM-G950F_device=dreamlte,32.10430101,35.21133641,698.1636706,1,Ariel_University,1c:b9:c4:15:44:88,6,-79
03-12-17 8:42,model=SM-G950F_device=dreamlte,32.10443188,35.21140418,698.2791206,1,Ariel_University,1c:b9:c4:15:44:8c,36,-87
03-12-17 8:42,model=SM-G950F_device=dreamlte,32.10484577,35.21133657,697.457288,1,Ariel_University,1c:b9:c4:16:05:78,6,-88
03-12-17 8:42,model=SM-G950F_device=dreamlte,32.10490479,35.21124745,697.4311692,5, ,ec:8c:a2:88:79:a7,36,-83,Ariel_University,ec:8c:a2:08:79:ac,36,-83, ,1c:b9:c4:96:05:77,36,-90,Ariel_University,1c:b9:c4:16:05:7c,36,-90,yosh,00:11:6b:11:7e:0c,1,-90
03-12-17 8:43,model=SM-G950F_device=dreamlte,32.10490479,35.21124745,697.428716,3,Ariel_University,ec:8c:a2:08:79:a8,6,-74,Ariel_University,1c:b9:c4:14:2b:c8,6,-88,Ariel_University,1c:b9:c4:15:44:58,11,-93
03-12-17 8:44,model=SM-G950F_device=dreamlte,32.10508385,35.21105177,723.7793961,6,Ariel_University,1c:b9:c4:14:2b:c8,6,-69,Ariel_University,1c:b9:c4:15:44:58,11,-73,Ariel_University,1c:b9:c4:15:36:98,1,-81,Ariel_University,1c:b9:c4:14:2b:cc,36,-82,Ariel_University,1c:b9:c4:15:36:9c,36,-82,Ariel_University,1c:b9:c4:16:2b:ec,36,-91
03-12-17 8:44,model=SM-G950F_device=dreamlte,32.10508531,35.21084961,723.5007311,1,Ariel_University,1c:b9:c4:15:25:48,1,-88
03-12-17 8:45,model=SM-G950F_device=dreamlte,32.10505361,35.21065141,722.9911882,6,Ariel_University,1c:b9:c4:16:2d:e8,11,-86, ,00:1a:dd:f5:e2:e4,8,-88,yosh,00:11:6b:11:7d:c7,13,-88,Ariel_University,1c:b9:c4:14:30:08,1,-89,Afikim_Wifi,00:1a:dd:f5:e2:e5,8,-91,EVE,90:6c:ac:a0:7b:4d,11,-92
03-12-17 8:45,model=SM-G950F_device=dreamlte,32.1049999,35.21047656,723.5506009,4,Ariel_University,1c:b9:c4:15:44:5c,44,-73, ,1c:b9:c4:95:44:57,44,-75,giftwizard,a2:6c:ac:a0:3d:eb,3,-91,sinusafe,b2:6c:ac:a0:3d:eb,3,-93
03-12-17 8:45,model=SM-G950F_device=dreamlte,32.1049281,35.21028241,722.9373547,4, ,1c:b9:c4:96:2d:e7,36,-83,Ariel_University,1c:b9:c4:16:05:78,6,-85,HP-Print-4b-LaserJet 400,08:ed:b9:3d:8f:4b,6,-89,Ariel_University,1c:b9:c4:15:34:bc,36,-90
03-12-17 8:45,model=SM-G950F_device=dreamlte,32.10484581,35.2100993,721.5899411,6,outsense,c2:6c:ac:a0:7b:4d,11,-79,EVE,90:6c:ac:a0:7b:4d,11,-83,Ariel_University,1c:b9:c4:16:e8:f8,11,-85,Ariel_University,1c:b9:c4:16:05:7c,36,-89,Ariel_University,1c:b9:c4:15:23:58,6,-89,yosh,00:11:6b:11:7e:0c,1,-90
03-12-17 8:45,model=SM-G950F_device=dreamlte,32.10475499,35.20993817,720.9335362,10,magneto,b2:6c:ac:a0:7b:4d,11,-68,Ariel_University,8c:0c:90:2f:36:58,1,-72,EVE,90:6c:ac:a0:7b:4d,11,-73,Cartiheal,00:11:6b:2a:90:3c,11,-73,outsense,c2:6c:ac:a0:7b:4d,11,-74,Ariel_University,1c:b9:c4:15:25:48,1,-78,giftwizard,a2:6c:ac:a0:3d:eb,3,-84,Ariel_University,1c:b9:c4:15:44:58,11,-86,CliClap,90:6c:ac:9f:f1:c5,2,-86,Ariel_University,1c:b9:c4:15:41:78,1,-89
03-12-17 8:45,model=SM-G950F_device=dreamlte,32.1046736,35.20978778,720.3778393,4,Ariel_University,1c:b9:c4:14:62:48,11,-69,Ariel_University,1c:b9:c4:16:05:38,11,-73,HP-Print-30-Officejet 7610,d0:bf:9c:db:31:30,6,-74,sinusafe,b2:6c:ac:a0:3d:eb,3,-87
03-12-17 8:45,model=SM-G950F_device=dreamlte,32.10458885,35.20963561,720.0987821,4,Neuropplied,a2:6c:ac:9f:fb:1f,1,-77,Ariel_University,1c:b9:c4:16:2d:e8,11,-85,Afikim_Wifi,00:1a:dd:f5:e2:e5,8,-88, ,00:1a:dd:f5:e2:e4,8,-90
03-12-17 8:45,model=SM-G950F_device=dreamlte,32.10450128,35.20950484,719.6173358,2,Guest,90:6c:ac:a0:18:29,6,-83,Ariel_University,24:79:2a:2c:5b:d8,1,-88
03-12-17 8:45,model=SM-G950F_device=dreamlte,32.10440733,35.20937299,718.9029262,4,Ariel_University,24:79:2a:2c:5b:d8,1,-83,Ariel_University,ec:8c:a2:26:d3:68,11,-86,Ariel_University,1c:b9:c4:15:44:5c,44,-91, ,24:79:2a:ac:5b:d7,36,-92
03-12-17 8:45,model=SM-G950F_device=dreamlte,32.1042917,35.20922196,718.1113988,3,Ariel_University,ec:8c:a2:26:d3:68,11,-65,Ariel_University,1c:b9:c4:16:28:e8,1,-85,Ariel_University,1c:b9:c4:16:28:ec,36,-89
03-12-17 8:45,model=SM-G950F_device=dreamlte,32.10415148,35.20908534,717.1730684,5, ,8c:0c:90:6e:16:88,11,-78, ,8c:0c:90:ae:16:83,11,-79,Ariel_University,1c:b9:c4:16:28:e8,1,-79,Ariel_University,1c:b9:c4:15:fd:4c,36,-88,Ariel_University,1c:b9:c4:15:23:58,6,-89
03-12-17 8:45,model=SM-G950F_device=dreamlte,32.1040063,35.20897411,716.4196812,3,paysday,b2:6c:ac:9f:f1:c5,2,-83,KCG_54,00:25:86:cc:07:b2,2,-87, ,1c:b9:c4:96:cc:d7,36,-89
03-12-17 8:45,model=SM-G950F_device=dreamlte,32.1038601,35.20889524,715.6639357,10,Ariel_University,ec:8c:a2:08:78:c8,6,-79,Ariel_University,8c:0c:90:2e:16:88,11,-80,Ariel_University,1c:b9:c4:16:1d:7c,44,-82,Ariel_University,1c:b9:c4:15:1c:b8,1,-82,giftwizard,a2:6c:ac:a0:3d:eb,3,-84,Ariel_University,1c:b9:c4:15:fd:48,1,-84,Ariel_University,ec:8c:a2:08:78:cc,48,-86,Ariel_University,8c:0c:90:2f:ca:18,1,-87, ,00:02:6f:8e:64:67,1,-87,CliClap,90:6c:ac:9f:f1:c5,2,-90
03-12-17 8:45,model=SM-G950F_device=dreamlte,32.10371421,35.20884987,714.996994,6,Ariel_University,1c:b9:c4:16:28:ec,36,-72,Ariel_University,1c:b9:c4:16:28:e8,1,-72,Ariel_University,ec:8c:a2:08:78:cc,48,-79,Ariel_University,1c:b9:c4:16:d2:88,11,-86,Ariel_University,ec:8c:a2:08:94:1c,44,-88,Ariel_University,1c:b9:c4:16:d2:8c,44,-91
03-12-17 8:45,model=SM-G950F_device=dreamlte,32.10359575,35.20882987,714.6415373,6,Ariel_University,ec:8c:a2:08:94:1c,44,-76,Ariel_University,1c:b9:c4:16:13:08,11,-82,2.4V1,40:a5:ef:7a:17:f2,1,-89,Ariel_University,24:79:2a:2c:3d:68,6,-89,Ariel_University,1c:b9:c4:16:12:e8,1,-90,Ariel_University,1c:b9:c4:16:05:38,11,-91
03-12-17 8:45,model=SM-G950F_device=dreamlte,32.10349395,35.20883755,714.6073366,4,Ariel_University,ec:8c:a2:08:94:1c,44,-67,Ariel_University,1c:b9:c4:16:d2:8c,44,-85,iagree,b2:6c:ac:9f:fb:1f,1,-91,Ariel_University,1c:b9:c4:12:90:b8,11,-94
03-12-17 8:45,model=SM-G950F_device=dreamlte,32.1034023,35.20883647,714.5980703,3,Ariel_University,1c:b9:c4:16:f4:78,1,-85,Ariel_University,1c:b9:c4:12:90:b8,11,-86, ,1c:b9:c4:92:90:b7,40,-89
03-12-17 8:45,model=SM-G950F_device=dreamlte,32.10326856,35.2088394,714.5109892,2,Ariel_University,1c:b9:c4:12:90:b8,11,-77, ,1c:b9:c4:92:90:b7,40,-83
03-12-17 8:45,model=SM-G950F_device=dreamlte,32.10312233,35.20883356,714.4002305,2, ,8c:0c:90:ad:75:e3,1,-79,Ariel_University,1c:b9:c4:16:f4:2c,44,-87
03-12-17 8:45,model=SM-G950F_device=dreamlte,32.10296085,35.20883419,714.3703448,4,Ariel_University,1c:b9:c4:12:7c:c8,11,-65,Ariel_University,1c:b9:c4:16:f4:78,1,-79, ,1c:b9:c4:94:33:c7,48,-83, ,1c:b9:c4:96:28:f7,36,-92
03-12-17 8:46,model=SM-G950F_device=dreamlte,32.10278398,35.20886388,714.3316069,2,Ariel_University,ec:8c:a2:08:78:c8,6,-82,SGH-I337M,ec:9b:f3:26:ab:3a,6,-90
03-12-17 8:46,model=SM-G950F_device=dreamlte,32.10259975,35.20892813,714.1643862,4,Ariel_University,1c:b9:c4:14:2f:68,6,-68,Ariel_University,1c:b9:c4:16:d2:88,11,-84,Ariel_University,1c:b9:c4:16:28:e8,1,-89,Ariel_University,ec:8c:a2:08:78:cc,48,-91
03-12-17 8:46,model=SM-G950F_device=dreamlte,32.10237865,35.20904136,713.8821171,5,Ariel_University,ec:8c:a2:26:b1:78,1,-69, ,1c:b9:c4:94:2b:d7,36,-83,Ariel_University,ec:8c:a2:08:94:1c,44,-86,Ariel_University,1c:b9:c4:12:90:bc,40,-89,Ariel_University,1c:b9:c4:16:d2:8c,44,-90
03-12-17 8:46,model=SM-G950F_device=dreamlte,32.10225133,35.20917134,713.7779833,2, ,1c:b9:c4:96:f1:97,60,-83,Ariel_University,1c:b9:c4:12:90:b8,11,-89
03-12-17 8:46,model=SM-G950F_device=dreamlte,32.10214626,35.20936409,713.6723922,5,Ariel_University,1c:b9:c4:14:2b:dc,36,-69,Ariel_University,1c:b9:c4:16:11:a8,1,-82, ,1c:b9:c4:96:f1:47,36,-83, ,1c:b9:c4:96:28:f7,36,-87,DIRECT-5C-HP DeskJet 3630 series,fc:3f:db:9c:36:3d,6,-89
03-12-17 8:46,model=SM-G950F_device=dreamlte,32.10206668,35.20959658,713.4268036,4,Ariel_University,1c:b9:c4:15:3d:58,11,-71,Ariel_University,1c:b9:c4:15:ed:78,6,-79,Ariel_University,1c:b9:c4:16:f4:2c,44,-88,2.4V1,40:a5:ef:7a:17:f2,1,-88
03-12-17 8:46,model=SM-G950F_device=dreamlte,32.10202397,35.20980944,713.1738107,7,Ariel_University,1c:b9:c4:15:43:e8,1,-85,Ariel_University,1c:b9:c4:16:28:f8,6,-85,Ariel_University,1c:b9:c4:16:11:ac,44,-88,Ariel_University,1c:b9:c4:15:43:ec,36,-89,Ariel_University,1c:b9:c4:16:28:fc,36,-90,Ariel_University,1c:b9:c4:14:33:cc,48,-90,Ariel_University,1c:b9:c4:16:f4:7c,36,-91
03-12-17 8:46,model=SM-G950F_device=dreamlte,32.10208168,35.20999224,713.0993513,1,KCG-ADSL,00:1d:aa:81:d8:3c,3,-89
03-12-17 8:46,model=SM-G950F_device=dreamlte,32.10222832,35.21011222,713.0486228,5,DIRECT-55-HP DeskJet 3630 series,3c:52:82:ef:d4:56,6,-86,Ariel_University,1c:b9:c4:16:f1:48,1,-88,DIRECT-F4-HP DeskJet 3630 series,a0:8c:fd:0a:d5:f5,6,-88,Ariel_University,1c:b9:c4:16:f1:98,11,-89,Ariel_University,ec:8c:a2:26:b1:78,1,-90
03-12-17 8:46,model=SM-G950F_device=dreamlte,32.10242412,35.21011845,712.9571247,1,KCG-ADSL,00:1d:aa:81:d8:3c,3,-84
03-12-17 8:46,model=SM-G950F_device=dreamlte,32.10263052,35.21002971,712.9572535,2, ,1c:b9:c4:95:3d:67,44,-88, ,1c:b9:c4:95:1e:67,36,-89
03-12-17 8:46,model=SM-G950F_device=dreamlte,32.10282894,35.20990359,712.9649553,2,KCG-ADSL,00:1d:aa:81:d8:3c,3,-73, ,1c:b9:c4:96:ee:97,36,-91
03-12-17 8:46,model=SM-G950F_device=dreamlte,32.10302301,35.2097871,712.9072217,1,Ariel_University,1c:b9:c4:16:06:b8,11,-92
03-12-17 8:46,model=SM-G950F_device=dreamlte,32.10321591,35.2097572,713.0612297,2,Ariel_University,1c:b9:c4:16:06:b8,11,-85,Ariel_University,1c:b9:c4:15:3a:38,11,-90
03-12-17 8:46,model=SM-G950F_device=dreamlte,32.10338816,35.20978021,713.0579803,4,Ariel_University,1c:b9:c4:16:f1:58,6,-82,Ariel_University,1c:b9:c4:12:90:b8,11,-89,Ariel_University,1c:b9:c4:15:1c:bc,36,-90,Ariel_University,1c:b9:c4:14:2b:8c,44,-90
03-12-17 8:46,model=SM-G950F_device=dreamlte,32.10355735,35.20985088,712.7278675,1,Ariel_University,1c:b9:c4:16:06:b8,11,-78
03-12-17 8:46,model=SM-G950F_device=dreamlte,32.10367269,35.20993145,712.5561754,5,Ariel_University,1c:b9:c4:16:06:b8,11,-70,Ariel_University,1c:b9:c4:15:fd:48,1,-83,Ariel_University,8c:0c:90:2e:16:88,11,-85, ,1c:b9:c4:95:fd:47,36,-87,Ariel_University,1c:b9:c4:15:1c:b8,1,-90
03-12-17 8:46,model=SM-G950F_device=dreamlte,32.10386773,35.2102075,711.3389288,3,Ariel_University,1c:b9:c4:16:06:bc,48,-70, ,1c:b9:c4:96:06:b7,48,-71,Ariel_University,1c:b9:c4:15:fd:4c,36,-91
03-12-17 8:46,model=SM-G950F_device=dreamlte,32.10397894,35.21038332,711.0902964,1,Ariel_University,24:79:2a:2c:5b:d8,1,-82
03-12-17 8:47,model=SM-G950F_device=dreamlte,32.10421598,35.21100194,710.3295713,5,Ariel_University,8c:0c:90:2e:e8:18,6,-70,Ariel_University,1c:b9:c4:15:41:78,1,-73,Ariel_University,1c:b9:c4:15:ed:3c,36,-82, ,1c:b9:c4:96:e8:f7,36,-83,Ariel_University,1c:b9:c4:16:06:b8,11,-91
03-12-17 8:47,model=SM-G950F_device=dreamlte,32.1042384,35.21118891,710.1555202,1,Ariel_University,1c:b9:c4:16:e8:f8,11,-76
03-12-17 8:47,model=SM-G950F_device=dreamlte,32.10427779,35.21135862,709.9316874,1,Ariel_University,1c:b9:c4:14:36:fc,36,-84
03-12-17 8:47,model=SM-G950F_device=dreamlte,32.10457995,35.21153227,709.0014328,1,KCG_20,00:27:19:13:fc:a4,11,-91
03-12-17 8:47,model=SM-G950F_device=dreamlte,32.10483849,35.21139971,707.7336802,1,Ariel_University,1c:b9:c4:15:25:48,1,-89
03-12-17 8:47,model=SM-G950F_device=dreamlte,32.10490156,35.21128997,707.3830832,4,Ariel_University,1c:b9:c4:16:05:7c,36,-90,Ariel_University,1c:b9:c4:15:44:58,11,-88,yosh,00:11:6b:11:7e:0c,1,-88,Ariel_University,1c:b9:c4:16:05:78,6,-89
03-12-17 8:49,model=SM-G950F_device=dreamlte,32.10500618,35.21121884,710.775619,1, ,1c:b9:c4:96:2b:e7,36,-89
03-12-17 8:49,model=SM-G950F_device=dreamlte,32.10503274,35.21095318,718.3536892,2, ,1c:b9:c4:94:2b:c7,36,-80,Ariel_University,1c:b9:c4:15:44:5c,44,-91
03-12-17 8:49,model=SM-G950F_device=dreamlte,32.10494483,35.2104469,717.6172124,4,Ariel_University,1c:b9:c4:15:44:5c,44,-78, ,18:d6:c7:ad:25:1a,13,-89, ,00:1a:dd:f5:df:c4,6,-89, ,30:b5:c2:b8:40:36,13,-91
03-12-17 8:49,model=SM-G950F_device=dreamlte,32.10484626,35.21020181,717.5984146,2,Ariel_University,1c:b9:c4:15:44:58,11,-82,Salomon,90:8d:78:54:6b:4d,1,-90
03-12-17 8:49,model=SM-G950F_device=dreamlte,32.10473867,35.20998513,716.9277812,5,Ariel_University,1c:b9:c4:16:05:38,11,-83,iagree,b2:6c:ac:9f:fb:1f,1,-86,Ariel_University,1c:b9:c4:16:05:78,6,-88,Afikim_Wifi,00:1a:dd:f5:df:c5,6,-89,yosh,00:11:6b:11:7e:0c,1,-91
03-12-17 8:50,model=SM-G950F_device=dreamlte,32.10462106,35.20976449,716.6884426,3,Guest,a2:6c:ac:a0:7b:4d,11,-68,iagree,b2:6c:ac:9f:fb:1f,1,-79,Ariel_University,1c:b9:c4:15:25:48,1,-81
03-12-17 8:50,model=SM-G950F_device=dreamlte,32.10449391,35.20953603,716.2447291,2,Guest,a2:6c:ac:9f:f1:c5,2,-76,yosh,00:11:6b:11:7d:c7,13,-92
03-12-17 8:50,model=SM-G950F_device=dreamlte,32.10437167,35.20934281,715.7275487,1,Ariel_University,24:79:2a:2c:5b:d8,1,-88
03-12-17 8:50,model=SM-G950F_device=dreamlte,32.10422642,35.20915681,714.4320592,3,DIRECT-13-HP DeskJet 3630 series,a0:8c:fd:0a:24:56,6,-81,Ariel_University,1c:b9:c4:16:28:e8,1,-86,Ariel_University,1c:b9:c4:15:fd:4c,36,-88
03-12-17 8:50,model=SM-G950F_device=dreamlte,32.10402816,35.20896726,712.4186482,2,Ariel_University,1c:b9:c4:16:28:e8,1,-80,sinusafe,b2:6c:ac:a0:3d:eb,3,-80
03-12-17 8:50,model=SM-G950F_device=dreamlte,32.10377002,35.20885656,710.3643464,6,Ariel_University,1c:b9:c4:15:1c:b8,1,-84, ,1c:b9:c4:96:1d:77,44,-85, ,00:02:6f:b8:c4:1a,11,-86,Ariel_University,ec:8c:a2:08:78:cc,48,-87,Ariel_University,8c:0c:90:2e:16:88,11,-88,Ariel_University,ec:8c:a2:08:94:1c,44,-91
03-12-17 8:50,model=SM-G950F_device=dreamlte,32.10355132,35.20881248,709.0815231,4,Ariel_University,ec:8c:a2:08:78:cc,48,-74, ,ec:8c:a2:88:94:17,44,-80,Ariel_University,ec:8c:a2:08:94:1c,44,-81,Ariel_University,1c:b9:c4:16:d2:8c,44,-90
03-12-17 8:50,model=SM-G950F_device=dreamlte,32.10339383,35.2088024,708.4092188,2,Ariel_University,ec:8c:a2:08:94:1c,44,-63,Ariel_University,1c:b9:c4:16:f4:7c,36,-90
03-12-17 8:50,model=SM-G950F_device=dreamlte,32.10319758,35.20879407,708.0699008,3, ,ec:8c:a2:88:94:17,44,-73,Ariel_University,1c:b9:c4:16:f4:28,11,-88,Ariel_University,1c:b9:c4:16:28:f8,6,-90
03-12-17 8:50,model=SM-G950F_device=dreamlte,32.10293474,35.20878314,707.529971,5,Ariel_University,1c:b9:c4:16:28:f8,6,-83,Ariel_University,1c:b9:c4:16:f4:7c,36,-84, ,1c:b9:c4:94:2f:67,36,-84,Ariel_University,1c:b9:c4:16:28:e8,1,-88,Ariel_University,ec:8c:a2:26:b1:78,1,-88
03-12-17 8:50,model=SM-G950F_device=dreamlte,32.10265106,35.20882611,707.0722988,5,Ariel_University,ec:8c:a2:26:b1:78,1,-68,Ariel_University,1c:b9:c4:16:f4:78,1,-71,Ariel_University,1c:b9:c4:16:28:e8,1,-82,Ariel_University,1c:b9:c4:16:f1:98,11,-84,Ariel_University,1c:b9:c4:16:f1:48,1,-90
03-12-17 8:50,model=SM-G950F_device=dreamlte,32.10237798,35.2089447,706.7581643,4,Ariel_University,1c:b9:c4:16:f1:48,1,-82,Ariel_University,ec:8c:a2:08:94:1c,44,-83,Ariel_University,1c:b9:c4:12:90:b8,11,-85,Ariel_University,ec:8c:a2:08:78:cc,48,-90
03-12-17 8:50,model=SM-G950F_device=dreamlte,32.10217184,35.20914415,706.4540122,3, ,ec:8c:a2:88:94:17,44,-89,Ariel_University,1c:b9:c4:16:f4:28,11,-90, ,1c:b9:c4:92:90:b7,40,-91
03-12-17 8:50,model=SM-G950F_device=dreamlte,32.10205485,35.20946963,706.2020219,1,Ariel_University,1c:b9:c4:15:3a:38,11,-81
03-12-17 8:51,model=SM-G950F_device=dreamlte,32.10278597,35.20986534,707.6596296,1,Ariel_University,1c:b9:c4:14:2c:3c,52,-87
03-12-17 8:51,model=SM-G950F_device=dreamlte,32.10317505,35.20975692,707.6654778,1,Ariel_University,1c:b9:c4:16:06:b8,11,-86
03-12-17 8:51,model=SM-G950F_device=dreamlte,32.10336539,35.20979671,707.6506662,1,Ariel_University,1c:b9:c4:16:06:b8,11,-80
03-12-17 8:51,model=SM-G950F_device=dreamlte,32.10355495,35.20987907,707.328414,7,Ariel_University,1c:b9:c4:16:06:b8,11,-74,Ariel_University,1c:b9:c4:16:ed:48,6,-84,Ariel_University,1c:b9:c4:15:1c:b8,1,-88,Ariel_University,8c:0c:90:2e:16:88,11,-89, ,1c:b9:c4:96:f1:57,52,-89,Ariel_University,1c:b9:c4:16:f1:5c,52,-89,Ariel_University,1c:b9:c4:12:90:b8,11,-92
03-12-17 8:51,model=SM-G950F_device=dreamlte,32.10366558,35.20994415,707.2216839,1,DIRECT-51-HP DeskJet 3630 series,3c:52:82:ef:d4:52,6,-80
03-12-17 8:51,model=SM-G950F_device=dreamlte,32.10373491,35.21002905,706.8611317,1,Ariel_University,1c:b9:c4:16:1d:78,1,-89
03-12-17 8:51,model=SM-G950F_device=dreamlte,32.10380113,35.21013448,706.2512868,2, ,00:27:22:f3:bb:2b,6,-88,Ariel_University,24:79:2a:2c:5c:1c,36,-89
03-12-17 8:51,model=SM-G950F_device=dreamlte,32.10388489,35.21026813,705.5511474,2,Ariel_University,1c:b9:c4:15:fd:4c,36,-89,KCG-ADSL,00:1d:aa:81:d8:3c,3,-90
03-12-17 8:51,model=SM-G950F_device=dreamlte,32.10398654,35.21044402,705.104886,3,Ariel_University,24:79:2a:2c:5c:18,11,-79,Ariel_University,24:79:2a:2c:5b:d8,1,-85, ,24:79:2a:ac:5c:17,36,-91
03-12-17 8:51,model=SM-G950F_device=dreamlte,32.10406638,35.21063208,704.8039142,1, ,24:79:2a:ab:24:97,36,-86
03-12-17 8:51,model=SM-G950F_device=dreamlte,32.10413713,35.21082446,704.7212452,2,Bezeq-N_0777b8,c8:be:19:07:77:b9,11,-88,Ariel_University,24:79:2a:2c:61:6c,36,-92
03-12-17 8:51,model=SM-G950F_device=dreamlte,32.10417951,35.21101032,704.7236121,2,Ariel_University,1c:b9:c4:15:ed:38,6,-75,Ariel_University,1c:b9:c4:16:06:b8,11,-91
03-12-17 8:51,model=SM-G950F_device=dreamlte,32.10446847,35.21147221,706.1056554,1, ,1c:b9:c4:95:44:87,36,-86
03-12-17 8:52,model=SM-G950F_device=dreamlte,32.10481498,35.2114139,706.3324732,1,Ariel_University,1c:b9:c4:15:44:58,11,-89
03-12-17 8:52,model=SM-G950F_device=dreamlte,32.10485374,35.21134141,706.3035005,2,Ariel_University,1c:b9:c4:16:05:78,6,-88,yosh,00:11:6b:11:7d:c7,13,-92
03-12-17 8:53,model=SM-G950F_device=dreamlte,32.10502807,35.21096172,733.9581295,1, ,1c:b9:c4:95:36:97,36,-86
03-12-17 8:53,model=SM-G950F_device=dreamlte,32.10502181,35.21080445,732.3361105,2,Ariel_University,1c:b9:c4:16:05:78,6,-78,Ariel_University,1c:b9:c4:16:2d:e8,11,-92
03-12-17 8:53,model=SM-G950F_device=dreamlte,32.1050089,35.21064031,730.0477612,2,Ariel_University,1c:b9:c4:16:2d:e8,11,-87,Ariel_University,1c:b9:c4:55:fd:e8,11,-89
03-12-17 8:53,model=SM-G950F_device=dreamlte,32.10496511,35.21047405,729.0692564,1,Ariel_University,1c:b9:c4:15:44:58,11,-67
03-12-17 8:53,model=SM-G950F_device=dreamlte,32.10489905,35.21029933,727.8274746,3,yosh,00:11:6b:11:7d:c7,13,-84,paysday,b2:6c:ac:9f:f1:c5,2,-90,Ariel_University,1c:b9:c4:15:44:88,6,-91
03-12-17 8:53,model=SM-G950F_device=dreamlte,32.10481856,35.21012315,726.1049343,3,sinusafe,b2:6c:ac:a0:3d:eb,3,-90,Ariel_University,24:c9:a1:36:52:d8,1,-90,Ariel_University,1c:b9:c4:16:05:7c,36,-91
03-12-17 8:53,model=SM-G950F_device=dreamlte,32.10473044,35.20995225,724.305777,4, ,8c:0c:90:6f:36:58,1,-74,Ariel_University,1c:b9:c4:15:20:38,11,-82,Guest,90:6c:ac:a0:3d:eb,3,-88,Ariel_University,1c:b9:c4:15:42:68,11,-90
03-12-17 8:53,model=SM-G950F_device=dreamlte,32.10465583,35.20979911,721.9074686,7,EVE,90:6c:ac:a0:7b:55,52,-73,magneto,b2:6c:ac:a0:7b:55,52,-73,Guest,a2:6c:ac:a0:7b:55,52,-73,outsense,c2:6c:ac:a0:7b:55,52,-73,giftwizard,a2:6c:ac:a0:3d:eb,3,-77,Guest,90:6c:ac:a0:60:55,36,-82,Ariel_University,1c:b9:c4:16:05:78,6,-89
03-12-17 8:53,model=SM-G950F_device=dreamlte,32.10457226,35.20965432,720.850732,1,incentive2,a2:6c:ac:a0:60:55,36,-82
03-12-17 8:53,model=SM-G950F_device=dreamlte,32.10446829,35.20949412,720.3330866,1, ,24:79:2a:ac:5b:d7,36,-82
03-12-17 8:53,model=SM-G950F_device=dreamlte,32.1043674,35.20935378,719.6690044,4,paysday,b2:6c:ac:9f:f1:c5,2,-82,sinusafe,b2:6c:ac:a0:3d:eb,3,-83,Ariel_University,24:79:2a:2c:5b:d8,1,-86,Ariel_University,1c:b9:c4:15:44:58,11,-87
03-12-17 8:54,model=SM-G950F_device=dreamlte,32.10413219,35.20905189,718.1305794,3,DIRECT-64-HP DeskJet 3630 series,30:e1:71:0d:e0:65,6,-83, ,00:27:22:f3:bb:2b,6,-89,Ariel_University,1c:b9:c4:15:fd:4c,36,-91
03-12-17 8:54,model=SM-G950F_device=dreamlte,32.10399214,35.20892516,717.3308012,4,Guest,90:6c:ac:a0:3d:eb,3,-78,Ariel_University,1c:b9:c4:16:1d:78,1,-88,Ariel_University,1c:b9:c4:15:fd:48,1,-89, ,1c:b9:c4:95:fd:47,36,-91
03-12-17 8:54,model=SM-G950F_device=dreamlte,32.10384529,35.20883679,716.5897899,6,Ariel_University,1c:b9:c4:16:1d:78,1,-82,Ariel_University,1c:b9:c4:16:28:e8,1,-82,Ariel_University,ec:8c:a2:08:78:c8,6,-82,Ariel_University,1c:b9:c4:15:1c:b8,1,-87,Ariel_University,8c:0c:90:2e:16:88,11,-88,Ariel_University,ec:8c:a2:08:78:cc,48,-90
03-12-17 8:54,model=SM-G950F_device=dreamlte,32.10368589,35.20876714,715.7812869,6,Ariel_University,1c:b9:c4:16:28:e8,1,-73,giftwizard,a2:6c:ac:a0:3d:eb,3,-80,Ariel_University,ec:8c:a2:08:78:cc,48,-82,Ariel_University,ec:8c:a2:08:94:1c,44,-89,Ariel_University,1c:b9:c4:16:d2:88,11,-90,Ariel_University,1c:b9:c4:16:05:3c,36,-91
03-12-17 8:54,model=SM-G950F_device=dreamlte,32.10350597,35.20873101,714.6442021,1,Ariel_University,ec:8c:a2:08:94:1c,44,-77
03-12-17 8:54,model=SM-G950F_device=dreamlte,32.1033876,35.20871353,714.0957631,2,Ariel_University,ec:8c:a2:08:94:1c,44,-66,Ariel_University,1c:b9:c4:16:d2:88,11,-84
03-12-17 8:54,model=SM-G950F_device=dreamlte,32.10324732,35.20870567,713.7948813,2, ,ec:8c:a2:88:94:17,44,-73,Ariel_University,1c:b9:c4:12:90:b8,11,-77
03-12-17 8:54,model=SM-G950F_device=dreamlte,32.10306971,35.20869281,713.5503324,6,Ariel_University,ec:8c:a2:08:78:cc,48,-75, ,8c:0c:90:6e:16:88,11,-88, ,8c:0c:90:ae:16:83,11,-89,Ariel_University,1c:b9:c4:16:28:fc,36,-89,Ariel_University,1c:b9:c4:14:33:cc,48,-89,Ariel_University,1c:b9:c4:16:f4:2c,44,-89
03-12-17 8:54,model=SM-G950F_device=dreamlte,32.10287774,35.20870053,713.288363,2,AUC_4_2_24,d8:5d:4c:9e:69:22,1,-88,Ariel_University,1c:b9:c4:16:f1:58,6,-91
03-12-17 8:54,model=SM-G950F_device=dreamlte,32.1026833,35.20874833,712.8739434,8,Ariel_University,1c:b9:c4:16:04:7c,60,-81,Ariel_University,1c:b9:c4:15:43:e8,1,-82,Ariel_University,1c:b9:c4:16:11:ac,44,-83,Ariel_University,1c:b9:c4:14:33:cc,48,-84, ,1c:b9:c4:96:11:a7,44,-86,Ariel_University,1c:b9:c4:15:43:ec,36,-86,Ariel_University,1c:b9:c4:16:28:e8,1,-87,Ariel_University,ec:8c:a2:08:78:c8,6,-91
03-12-17 8:54,model=SM-G950F_device=dreamlte,32.1024835,35.20882098,712.5622134,4,Ariel_University,1c:b9:c4:14:2c:18,1,-75,Bezeq Free,62:ab:1b:60:b4:cb,8,-79,Ariel_University,1c:b9:c4:16:28:fc,36,-83,Ariel_University,1c:b9:c4:16:d2:8c,44,-91
03-12-17 8:54,model=SM-G950F_device=dreamlte,32.10230601,35.20894834,712.0812442,4,Ariel_University,1c:b9:c4:16:28:fc,36,-78,Ariel_University,1c:b9:c4:16:d2:88,11,-83,Ariel_University,ec:8c:a2:08:94:1c,44,-86,DIRECT-F4-HP DeskJet 3630 series,a0:8c:fd:0a:d5:f5,6,-88
03-12-17 8:54,model=SM-G950F_device=dreamlte,32.10216743,35.20912758,711.6719404,3,DIRECT-F4-HP DeskJet 3630 series,a0:8c:fd:0a:d5:f5,6,-78, ,ec:8c:a2:88:94:17,44,-79,Ariel_University,1c:b9:c4:12:90:b8,11,-88
03-12-17 8:54,model=SM-G950F_device=dreamlte,32.10207321,35.20935994,711.4780123,1,DIRECT-F4-HP DeskJet 3630 series,a0:8c:fd:0a:d5:f5,6,-73
03-12-17 8:54,model=SM-G950F_device=dreamlte,32.10199798,35.20959746,711.4134449,3,Ariel_University,1c:b9:c4:15:3a:38,11,-74,Ariel_University,ec:8c:a2:08:94:18,1,-88,Ariel_University,1c:b9:c4:16:f4:2c,44,-89
03-12-17 8:54,model=SM-G950F_device=dreamlte,32.1020072,35.20982394,711.2589859,4,Ariel_University,1c:b9:c4:16:11:ac,44,-86, ,1c:b9:c4:95:3d:57,36,-87,Ariel_University,1c:b9:c4:16:04:7c,60,-88,Bezeq Free,62:ab:1b:60:b4:cb,8,-89
03-12-17 8:54,model=SM-G950F_device=dreamlte,32.10212376,35.20998628,711.0668172,4,2.4V1,40:a5:ef:7a:17:f2,1,-83,Ariel_University,1c:b9:c4:16:f1:98,11,-89,GuyEmily,14:ae:db:4f:50:75,6,-90,Ariel_University,1c:b9:c4:16:f1:48,1,-91
03-12-17 8:54,model=SM-G950F_device=dreamlte,32.10226284,35.21004472,711.1303125,2,KCG-ADSL,00:1d:aa:81:d8:3c,3,-86,Bezeq,84:c9:b2:b7:c8:2d,6,-93
03-12-17 8:54,model=SM-G950F_device=dreamlte,32.10254866,35.20996851,711.2888192,1,Ariel_University,1c:b9:c4:16:ed:3c,44,-91
03-12-17 8:55,model=SM-G950F_device=dreamlte,32.10265544,35.20992979,711.3995142,1,KCG-ADSL,00:1d:aa:81:d8:3c,3,-70
03-12-17 8:55,model=SM-G950F_device=dreamlte,32.10274349,35.20988989,711.4086385,1, ,1c:b9:c4:94:2c:37,52,-90
03-12-17 8:55,model=SM-G950F_device=dreamlte,32.1028393,35.20984276,711.4568319,1,Ariel_University,1c:b9:c4:16:ed:3c,44,-84
03-12-17 8:55,model=SM-G950F_device=dreamlte,32.10308236,35.2097494,712.6422598,1,Ariel_University,1c:b9:c4:14:30:3c,44,-86
03-12-17 8:55,model=SM-G950F_device=dreamlte,32.10322293,35.20972301,713.0566901,1,Ariel_University,1c:b9:c4:16:11:a8,1,-83
03-12-17 8:55,model=SM-G950F_device=dreamlte,32.10339556,35.20974797,713.4795308,7,Ariel_University,1c:b9:c4:16:06:b8,11,-81, ,8c:0c:90:ae:16:83,11,-85,Ariel_University,1c:b9:c4:12:90:b8,11,-86, ,8c:0c:90:6e:16:88,11,-88,AUC_4_2_24,d8:5d:4c:9e:69:22,1,-89, ,1c:b9:c4:92:90:b7,40,-90,Ariel_University,1c:b9:c4:12:90:bc,40,-90
03-12-17 8:55,model=SM-G950F_device=dreamlte,32.10356423,35.20981904,713.6839622,4,Ariel_University,1c:b9:c4:15:fd:48,1,-80,Ariel_University,1c:b9:c4:16:f1:58,6,-83,DIRECT-61-HP DeskJet 3630 series,30:e1:71:0d:e0:63,6,-85,Ariel_University,1c:b9:c4:16:f4:7c,36,-89
03-12-17 8:55,model=SM-G950F_device=dreamlte,32.10370486,35.20992434,713.7487196,5,Ariel_University,1c:b9:c4:16:06:b8,11,-73,Ariel_University,8c:0c:90:2e:16:88,11,-87,Ariel_University,1c:b9:c4:15:1c:b8,1,-88,Ariel_University,1c:b9:c4:16:f4:78,1,-88,KCG-ADSL,00:1d:aa:81:d8:3c,3,-89
03-12-17 8:55,model=SM-G950F_device=dreamlte,32.10387726,35.21019564,712.9489598,5,Ariel_University,1c:b9:c4:16:06:b8,11,-68,Ariel_University,1c:b9:c4:16:ed:3c,44,-87,DIRECT-13-HP DeskJet 3630 series,a0:8c:fd:0a:24:56,6,-87,Ariel_University,1c:b9:c4:16:1d:78,1,-87,Ariel_University,1c:b9:c4:15:fd:4c,36,-90
03-12-17 8:55,model=SM-G950F_device=dreamlte,32.10399729,35.21040703,712.0570704,1,Ariel_University,24:79:2a:2c:5b:d8,1,-88
03-12-17 8:55,model=SM-G950F_device=dreamlte,32.10407357,35.21064401,711.2913729,1,Ariel_University,24:79:2a:2c:5b:dc,36,-89
03-12-17 8:55,model=SM-G950F_device=dreamlte,32.10418948,35.21099767,710.3077738,1, ,1c:b9:c4:95:41:77,44,-77
03-12-17 8:55,model=SM-G950F_device=dreamlte,32.10423039,35.21119658,710.263478,2,yosh,00:11:6b:11:7e:0c,1,-89,Ariel_University,1c:b9:c4:16:06:b8,11,-90
03-12-17 8:55,model=SM-G950F_device=dreamlte,32.1042894,35.21140256,710.8482245,2,Ariel_University,1c:b9:c4:15:44:88,6,-86,BezeqNGN_009030_2.4GHz_1,3c:1e:04:05:5f:f5,1,-92
03-12-17 8:56,model=SM-G950F_device=dreamlte,32.1049466,35.21138606,710.9988846,1,Ariel_University,1c:b9:c4:15:42:68,11,-92
